,id,intent,experiment_id,instructions,x_combi,y_combi,x_versa,y_versa,z_versa,flag,timestamp_start,timestamp,error_codes,measurement,parameters,flow_setpoint,datafile,I_p,I_ref,V_oc,V_pass,V_tp
0,1,corrosion,1,"[{""op"": ""set_flow"", ""rates"": {""NaCl"": 1.0}, ""hold_time"": 10}, {""op"": ""cv"", ""initial_potential"": 0.0, ""vertex_potential_1"": -1.0, ""vertex_potential_2"": 1.2, ""final_potential"": 0.0, ""scan_rate"": 0.075, ""cycles"": 2, ""current_range"": ""2MA""}]",-27.12,13.56,0.037718643188476564,0.09720173645019531,0.017027961730957032,False,2020-03-11 16:35:36.740606,2020-03-11 16:38:05.175607,[],"[""set_flow"", ""cv""]","""[{\""initial_potential\"": 0.0, \""versus_initial\"": \""VS REF\"", \""vertex_potential_1\"": -1.0, \""versus_vertex_1\"": \""VS REF\"", \""vertex_hold_1\"": 0, \""acquire_data_during_vertex_hold_1\"": \""NO\"", \""vertex_potential_2\"": 1.2, \""versus_vertex_2\"": \""VS REF\"", \""vertex_hold_2\"": 0, \""acquire_data_during_vertex_hold_2\"": \""NO\"", \""scan_rate\"": 0.075, \""cycles\"": 2, \""limit_1_type\"": \""NONE\"", \""limit_1_direction\"": \""<\"", \""limit_1_value\"": 0, \""limit_2_type\"": \""NONE\"", \""limit_2_direction\"": \""<\"", \""limit_2_value\"": 0, \""current_range\"": \""2MA\"", \""electrometer\"": \""AUTO\"", \""e_filter\"": \""1HZ\"", \""i_filter\"": \""1HZ\"", \""leave_cell_on\"": \""NO\"", \""cell_to_use\"": \""EXTERNAL\"", \""enable_ir_compensation\"": \""DISABLED\"", \""user_defined_the_amount_of_ir_comp\"": 1, \""use_previously_determined_ir_comp\"": \""YES\"", \""bandwidth\"": \""AUTO\"", \""final_potential\"": 0.0, \""versus_final\"": \""VS REF\"", \""low_current_interface_bandwidth\"": \""AUTO\""}]""","{""0"": 0.0, ""1"": 0.0, ""2"": 0.0, ""3"": 1.0, ""4"": 0.0}",asdc_data_001.csv,-4.658365386136266,,-0.8027384359506928,-0.5560585260391235,0.3358435034751892
1,2,corrosion,2,"[{""op"": ""set_flow"", ""rates"": {""NaCl"": 0.5}, ""hold_time"": 10}, {""op"": ""cv"", ""initial_potential"": 0.0, ""vertex_potential_1"": -1.0, ""vertex_potential_2"": 1.2, ""final_potential"": 0.0, ""scan_rate"": 0.075, ""cycles"": 2, ""current_range"": ""2MA""}]",0.0,-31.64,0.08291873931884766,0.070081787109375,0.01752821159362793,False,2020-03-11 16:52:33.196212,2020-03-11 16:55:01.583413,[],"[""set_flow"", ""cv""]","""[{\""initial_potential\"": 0.0, \""versus_initial\"": \""VS REF\"", \""vertex_potential_1\"": -1.0, \""versus_vertex_1\"": \""VS REF\"", \""vertex_hold_1\"": 0, \""acquire_data_during_vertex_hold_1\"": \""NO\"", \""vertex_potential_2\"": 1.2, \""versus_vertex_2\"": \""VS REF\"", \""vertex_hold_2\"": 0, \""acquire_data_during_vertex_hold_2\"": \""NO\"", \""scan_rate\"": 0.075, \""cycles\"": 2, \""limit_1_type\"": \""NONE\"", \""limit_1_direction\"": \""<\"", \""limit_1_value\"": 0, \""limit_2_type\"": \""NONE\"", \""limit_2_direction\"": \""<\"", \""limit_2_value\"": 0, \""current_range\"": \""2MA\"", \""electrometer\"": \""AUTO\"", \""e_filter\"": \""1HZ\"", \""i_filter\"": \""1HZ\"", \""leave_cell_on\"": \""NO\"", \""cell_to_use\"": \""EXTERNAL\"", \""enable_ir_compensation\"": \""DISABLED\"", \""user_defined_the_amount_of_ir_comp\"": 1, \""use_previously_determined_ir_comp\"": \""YES\"", \""bandwidth\"": \""AUTO\"", \""final_potential\"": 0.0, \""versus_final\"": \""VS REF\"", \""low_current_interface_bandwidth\"": \""AUTO\""}]""","{""0"": 0.0, ""1"": 0.0, ""2"": 0.0, ""3"": 0.5, ""4"": 0.0}",asdc_data_002.csv,-4.305374560258725,,-0.3708078624753833,-0.15948724746704102,0.17972996830940247
2,3,corrosion,3,"[{""op"": ""set_flow"", ""rates"": {""NaCl"": 0.5}, ""hold_time"": 10}, {""op"": ""cv"", ""initial_potential"": 0.0, ""vertex_potential_1"": -1.0, ""vertex_potential_2"": 1.2, ""final_potential"": 0.0, ""scan_rate"": 0.075, ""cycles"": 2, ""current_range"": ""2MA""}]",27.12,-13.56,0.06483883666992188,0.0429617919921875,0.017528261184692383,False,2020-03-11 16:56:40.032414,2020-03-11 16:59:09.565015,[],"[""set_flow"", ""cv""]","""[{\""initial_potential\"": 0.0, \""versus_initial\"": \""VS REF\"", \""vertex_potential_1\"": -1.0, \""versus_vertex_1\"": \""VS REF\"", \""vertex_hold_1\"": 0, \""acquire_data_during_vertex_hold_1\"": \""NO\"", \""vertex_potential_2\"": 1.2, \""versus_vertex_2\"": \""VS REF\"", \""vertex_hold_2\"": 0, \""acquire_data_during_vertex_hold_2\"": \""NO\"", \""scan_rate\"": 0.075, \""cycles\"": 2, \""limit_1_type\"": \""NONE\"", \""limit_1_direction\"": \""<\"", \""limit_1_value\"": 0, \""limit_2_type\"": \""NONE\"", \""limit_2_direction\"": \""<\"", \""limit_2_value\"": 0, \""current_range\"": \""2MA\"", \""electrometer\"": \""AUTO\"", \""e_filter\"": \""1HZ\"", \""i_filter\"": \""1HZ\"", \""leave_cell_on\"": \""NO\"", \""cell_to_use\"": \""EXTERNAL\"", \""enable_ir_compensation\"": \""DISABLED\"", \""user_defined_the_amount_of_ir_comp\"": 1, \""use_previously_determined_ir_comp\"": \""YES\"", \""bandwidth\"": \""AUTO\"", \""final_potential\"": 0.0, \""versus_final\"": \""VS REF\"", \""low_current_interface_bandwidth\"": \""AUTO\""}]""","{""0"": 0.0, ""1"": 0.0, ""2"": 0.0, ""3"": 0.5, ""4"": 0.0}",asdc_data_003.csv,-3.5515715476809127,,-0.07137521523377627,0.31130698323249817,0.70511794090271
3,4,corrosion,4,"[{""op"": ""set_flow"", ""rates"": {""NaCl"": 0.5}, ""hold_time"": 10}, {""op"": ""cv"", ""initial_potential"": 0.0, ""vertex_potential_1"": -1.0, ""vertex_potential_2"": 1.2, ""final_potential"": 0.0, ""scan_rate"": 0.075, ""cycles"": 2, ""current_range"": ""2MA""}]",13.56,-18.08,0.06935848999023438,0.05652159118652344,0.01752821159362793,False,2020-03-11 17:00:45.177415,2020-03-11 17:03:15.812016,[],"[""set_flow"", ""cv""]","""[{\""initial_potential\"": 0.0, \""versus_initial\"": \""VS REF\"", \""vertex_potential_1\"": -1.0, \""versus_vertex_1\"": \""VS REF\"", \""vertex_hold_1\"": 0, \""acquire_data_during_vertex_hold_1\"": \""NO\"", \""vertex_potential_2\"": 1.2, \""versus_vertex_2\"": \""VS REF\"", \""vertex_hold_2\"": 0, \""acquire_data_during_vertex_hold_2\"": \""NO\"", \""scan_rate\"": 0.075, \""cycles\"": 2, \""limit_1_type\"": \""NONE\"", \""limit_1_direction\"": \""<\"", \""limit_1_value\"": 0, \""limit_2_type\"": \""NONE\"", \""limit_2_direction\"": \""<\"", \""limit_2_value\"": 0, \""current_range\"": \""2MA\"", \""electrometer\"": \""AUTO\"", \""e_filter\"": \""1HZ\"", \""i_filter\"": \""1HZ\"", \""leave_cell_on\"": \""NO\"", \""cell_to_use\"": \""EXTERNAL\"", \""enable_ir_compensation\"": \""DISABLED\"", \""user_defined_the_amount_of_ir_comp\"": 1, \""use_previously_determined_ir_comp\"": \""YES\"", \""bandwidth\"": \""AUTO\"", \""final_potential\"": 0.0, \""versus_final\"": \""VS REF\"", \""low_current_interface_bandwidth\"": \""AUTO\""}]""","{""0"": 0.0, ""1"": 0.0, ""2"": 0.0, ""3"": 0.5, ""4"": 0.0}",asdc_data_004.csv,-4.011397022969805,,-0.1674919823455307,0.12697647511959076,0.6787411570549011
4,5,corrosion,5,"[{""op"": ""set_flow"", ""rates"": {""NaCl"": 0.5}, ""hold_time"": 10}, {""op"": ""cv"", ""initial_potential"": 0.0, ""vertex_potential_1"": -1.0, ""vertex_potential_2"": 1.2, ""final_potential"": 0.0, ""scan_rate"": 0.075, ""cycles"": 2, ""current_range"": ""2MA""}]",9.04,4.52,0.04675879287719727,0.06104174041748047,0.017528261184692383,False,2020-03-11 17:04:53.360817,2020-03-11 17:07:23.932018,[],"[""set_flow"", ""cv""]","""[{\""initial_potential\"": 0.0, \""versus_initial\"": \""VS REF\"", \""vertex_potential_1\"": -1.0, \""versus_vertex_1\"": \""VS REF\"", \""vertex_hold_1\"": 0, \""acquire_data_during_vertex_hold_1\"": \""NO\"", \""vertex_potential_2\"": 1.2, \""versus_vertex_2\"": \""VS REF\"", \""vertex_hold_2\"": 0, \""acquire_data_during_vertex_hold_2\"": \""NO\"", \""scan_rate\"": 0.075, \""cycles\"": 2, \""limit_1_type\"": \""NONE\"", \""limit_1_direction\"": \""<\"", \""limit_1_value\"": 0, \""limit_2_type\"": \""NONE\"", \""limit_2_direction\"": \""<\"", \""limit_2_value\"": 0, \""current_range\"": \""2MA\"", \""electrometer\"": \""AUTO\"", \""e_filter\"": \""1HZ\"", \""i_filter\"": \""1HZ\"", \""leave_cell_on\"": \""NO\"", \""cell_to_use\"": \""EXTERNAL\"", \""enable_ir_compensation\"": \""DISABLED\"", \""user_defined_the_amount_of_ir_comp\"": 1, \""use_previously_determined_ir_comp\"": \""YES\"", \""bandwidth\"": \""AUTO\"", \""final_potential\"": 0.0, \""versus_final\"": \""VS REF\"", \""low_current_interface_bandwidth\"": \""AUTO\""}]""","{""0"": 0.0, ""1"": 0.0, ""2"": 0.0, ""3"": 0.5, ""4"": 0.0}",asdc_data_005.csv,-4.384232793135709,,-0.6325859698549922,-0.3640603721141815,0.19721223413944244
5,6,corrosion,6,"[{""op"": ""set_flow"", ""rates"": {""NaCl"": 0.5}, ""hold_time"": 10}, {""op"": ""cv"", ""initial_potential"": 0.0, ""vertex_potential_1"": -1.0, ""vertex_potential_2"": 1.2, ""final_potential"": 0.0, ""scan_rate"": 0.075, ""cycles"": 2, ""current_range"": ""2MA""}]",9.04,-4.52,0.05579854202270508,0.06104174041748047,0.01752821159362793,False,2020-03-11 17:08:58.500218,2020-03-11 17:11:29.103619,[],"[""set_flow"", ""cv""]","""[{\""initial_potential\"": 0.0, \""versus_initial\"": \""VS REF\"", \""vertex_potential_1\"": -1.0, \""versus_vertex_1\"": \""VS REF\"", \""vertex_hold_1\"": 0, \""acquire_data_during_vertex_hold_1\"": \""NO\"", \""vertex_potential_2\"": 1.2, \""versus_vertex_2\"": \""VS REF\"", \""vertex_hold_2\"": 0, \""acquire_data_during_vertex_hold_2\"": \""NO\"", \""scan_rate\"": 0.075, \""cycles\"": 2, \""limit_1_type\"": \""NONE\"", \""limit_1_direction\"": \""<\"", \""limit_1_value\"": 0, \""limit_2_type\"": \""NONE\"", \""limit_2_direction\"": \""<\"", \""limit_2_value\"": 0, \""current_range\"": \""2MA\"", \""electrometer\"": \""AUTO\"", \""e_filter\"": \""1HZ\"", \""i_filter\"": \""1HZ\"", \""leave_cell_on\"": \""NO\"", \""cell_to_use\"": \""EXTERNAL\"", \""enable_ir_compensation\"": \""DISABLED\"", \""user_defined_the_amount_of_ir_comp\"": 1, \""use_previously_determined_ir_comp\"": \""YES\"", \""bandwidth\"": \""AUTO\"", \""final_potential\"": 0.0, \""versus_final\"": \""VS REF\"", \""low_current_interface_bandwidth\"": \""AUTO\""}]""","{""0"": 0.0, ""1"": 0.0, ""2"": 0.0, ""3"": 0.5, ""4"": 0.0}",asdc_data_006.csv,-4.455612539031261,,-0.5465505886005638,-0.2057998925447464,-0.01165478490293026
6,7,corrosion,7,"[{""op"": ""set_flow"", ""rates"": {""NaCl"": 0.5}, ""hold_time"": 10}, {""op"": ""cv"", ""initial_potential"": 0.0, ""vertex_potential_1"": -1.0, ""vertex_potential_2"": 1.2, ""final_potential"": 0.0, ""scan_rate"": 0.075, ""cycles"": 2, ""current_range"": ""2MA""}]",-9.04,4.52,0.04675889205932617,0.07912178802490234,0.017427812576293944,False,2020-03-11 17:13:05.840220,2020-03-11 17:15:36.460221,[],"[""set_flow"", ""cv""]","""[{\""initial_potential\"": 0.0, \""versus_initial\"": \""VS REF\"", \""vertex_potential_1\"": -1.0, \""versus_vertex_1\"": \""VS REF\"", \""vertex_hold_1\"": 0, \""acquire_data_during_vertex_hold_1\"": \""NO\"", \""vertex_potential_2\"": 1.2, \""versus_vertex_2\"": \""VS REF\"", \""vertex_hold_2\"": 0, \""acquire_data_during_vertex_hold_2\"": \""NO\"", \""scan_rate\"": 0.075, \""cycles\"": 2, \""limit_1_type\"": \""NONE\"", \""limit_1_direction\"": \""<\"", \""limit_1_value\"": 0, \""limit_2_type\"": \""NONE\"", \""limit_2_direction\"": \""<\"", \""limit_2_value\"": 0, \""current_range\"": \""2MA\"", \""electrometer\"": \""AUTO\"", \""e_filter\"": \""1HZ\"", \""i_filter\"": \""1HZ\"", \""leave_cell_on\"": \""NO\"", \""cell_to_use\"": \""EXTERNAL\"", \""enable_ir_compensation\"": \""DISABLED\"", \""user_defined_the_amount_of_ir_comp\"": 1, \""use_previously_determined_ir_comp\"": \""YES\"", \""bandwidth\"": \""AUTO\"", \""final_potential\"": 0.0, \""versus_final\"": \""VS REF\"", \""low_current_interface_bandwidth\"": \""AUTO\""}]""","{""0"": 0.0, ""1"": 0.0, ""2"": 0.0, ""3"": 0.5, ""4"": 0.0}",asdc_data_007.csv,-7.212663280890099,,-1.017168928581575,-0.9182787537574768,-0.14200498163700104
7,8,corrosion,8,"[{""op"": ""set_flow"", ""rates"": {""NaCl"": 0.5}, ""hold_time"": 10}, {""op"": ""cv"", ""initial_potential"": 0.0, ""vertex_potential_1"": -1.0, ""vertex_potential_2"": 1.2, ""final_potential"": 0.0, ""scan_rate"": 0.075, ""cycles"": 2, ""current_range"": ""2MA""}]",-18.08,-13.56,0.06483853912353515,0.08816168975830078,0.017427761077880858,False,2020-03-11 17:17:12.915022,2020-03-11 17:19:43.521223,[],"[""set_flow"", ""cv""]","""[{\""initial_potential\"": 0.0, \""versus_initial\"": \""VS REF\"", \""vertex_potential_1\"": -1.0, \""versus_vertex_1\"": \""VS REF\"", \""vertex_hold_1\"": 0, \""acquire_data_during_vertex_hold_1\"": \""NO\"", \""vertex_potential_2\"": 1.2, \""versus_vertex_2\"": \""VS REF\"", \""vertex_hold_2\"": 0, \""acquire_data_during_vertex_hold_2\"": \""NO\"", \""scan_rate\"": 0.075, \""cycles\"": 2, \""limit_1_type\"": \""NONE\"", \""limit_1_direction\"": \""<\"", \""limit_1_value\"": 0, \""limit_2_type\"": \""NONE\"", \""limit_2_direction\"": \""<\"", \""limit_2_value\"": 0, \""current_range\"": \""2MA\"", \""electrometer\"": \""AUTO\"", \""e_filter\"": \""1HZ\"", \""i_filter\"": \""1HZ\"", \""leave_cell_on\"": \""NO\"", \""cell_to_use\"": \""EXTERNAL\"", \""enable_ir_compensation\"": \""DISABLED\"", \""user_defined_the_amount_of_ir_comp\"": 1, \""use_previously_determined_ir_comp\"": \""YES\"", \""bandwidth\"": \""AUTO\"", \""final_potential\"": 0.0, \""versus_final\"": \""VS REF\"", \""low_current_interface_bandwidth\"": \""AUTO\""}]""","{""0"": 0.0, ""1"": 0.0, ""2"": 0.0, ""3"": 0.5, ""4"": 0.0}",asdc_data_008.csv,-4.280029586024723,,-0.5993041016022236,-0.25180584192276,0.2407645285129547
8,9,corrosion,9,"[{""op"": ""set_flow"", ""rates"": {""NaCl"": 0.5}, ""hold_time"": 10}, {""op"": ""cv"", ""initial_potential"": 0.0, ""vertex_potential_1"": -1.0, ""vertex_potential_2"": 1.2, ""final_potential"": 0.0, ""scan_rate"": 0.075, ""cycles"": 2, ""current_range"": ""2MA""}]",-13.56,9.04,0.042238792419433596,0.08364193725585937,0.01742751121520996,False,2020-03-11 17:21:20.944223,2020-03-11 17:23:51.500824,[],"[""set_flow"", ""cv""]","""[{\""initial_potential\"": 0.0, \""versus_initial\"": \""VS REF\"", \""vertex_potential_1\"": -1.0, \""versus_vertex_1\"": \""VS REF\"", \""vertex_hold_1\"": 0, \""acquire_data_during_vertex_hold_1\"": \""NO\"", \""vertex_potential_2\"": 1.2, \""versus_vertex_2\"": \""VS REF\"", \""vertex_hold_2\"": 0, \""acquire_data_during_vertex_hold_2\"": \""NO\"", \""scan_rate\"": 0.075, \""cycles\"": 2, \""limit_1_type\"": \""NONE\"", \""limit_1_direction\"": \""<\"", \""limit_1_value\"": 0, \""limit_2_type\"": \""NONE\"", \""limit_2_direction\"": \""<\"", \""limit_2_value\"": 0, \""current_range\"": \""2MA\"", \""electrometer\"": \""AUTO\"", \""e_filter\"": \""1HZ\"", \""i_filter\"": \""1HZ\"", \""leave_cell_on\"": \""NO\"", \""cell_to_use\"": \""EXTERNAL\"", \""enable_ir_compensation\"": \""DISABLED\"", \""user_defined_the_amount_of_ir_comp\"": 1, \""use_previously_determined_ir_comp\"": \""YES\"", \""bandwidth\"": \""AUTO\"", \""final_potential\"": 0.0, \""versus_final\"": \""VS REF\"", \""low_current_interface_bandwidth\"": \""AUTO\""}]""","{""0"": 0.0, ""1"": 0.0, ""2"": 0.0, ""3"": 0.5, ""4"": 0.0}",asdc_data_009.csv,-4.599464420414892,,-0.7851147475175136,-0.5536049008369446,0.21438778936862946
9,10,corrosion,10,"[{""op"": ""set_flow"", ""rates"": {""NaCl"": 0.5}, ""hold_time"": 10}, {""op"": ""cv"", ""initial_potential"": 0.0, ""vertex_potential_1"": -1.0, ""vertex_potential_2"": 1.2, ""final_potential"": 0.0, ""scan_rate"": 0.075, ""cycles"": 2, ""current_range"": ""2MA""}]",-9.04,13.56,0.03771879196166992,0.07912178802490234,0.017427461624145508,False,2020-03-11 17:25:25.132025,2020-03-11 17:27:54.661026,[],"[""set_flow"", ""cv""]","""[{\""initial_potential\"": 0.0, \""versus_initial\"": \""VS REF\"", \""vertex_potential_1\"": -1.0, \""versus_vertex_1\"": \""VS REF\"", \""vertex_hold_1\"": 0, \""acquire_data_during_vertex_hold_1\"": \""NO\"", \""vertex_potential_2\"": 1.2, \""versus_vertex_2\"": \""VS REF\"", \""vertex_hold_2\"": 0, \""acquire_data_during_vertex_hold_2\"": \""NO\"", \""scan_rate\"": 0.075, \""cycles\"": 2, \""limit_1_type\"": \""NONE\"", \""limit_1_direction\"": \""<\"", \""limit_1_value\"": 0, \""limit_2_type\"": \""NONE\"", \""limit_2_direction\"": \""<\"", \""limit_2_value\"": 0, \""current_range\"": \""2MA\"", \""electrometer\"": \""AUTO\"", \""e_filter\"": \""1HZ\"", \""i_filter\"": \""1HZ\"", \""leave_cell_on\"": \""NO\"", \""cell_to_use\"": \""EXTERNAL\"", \""enable_ir_compensation\"": \""DISABLED\"", \""user_defined_the_amount_of_ir_comp\"": 1, \""use_previously_determined_ir_comp\"": \""YES\"", \""bandwidth\"": \""AUTO\"", \""final_potential\"": 0.0, \""versus_final\"": \""VS REF\"", \""low_current_interface_bandwidth\"": \""AUTO\""}]""","{""0"": 0.0, ""1"": 0.0, ""2"": 0.0, ""3"": 0.5, ""4"": 0.0}",asdc_data_010.csv,-4.653539824955957,,-0.7293476003633236,-0.4520850777626038,-0.21224072575569156
10,11,corrosion,11,"[{""op"": ""set_flow"", ""rates"": {""NaCl"": 0.5}, ""hold_time"": 10}, {""op"": ""cv"", ""initial_potential"": 0.0, ""vertex_potential_1"": -1.0, ""vertex_potential_2"": 1.2, ""final_potential"": 0.0, ""scan_rate"": 0.075, ""cycles"": 2, ""current_range"": ""2MA""}]",-9.04,-22.6,0.0738785400390625,0.07912153625488282,0.01742751121520996,False,2020-03-11 17:29:34.376226,2020-03-11 17:32:04.994227,[],"[""set_flow"", ""cv""]","""[{\""initial_potential\"": 0.0, \""versus_initial\"": \""VS REF\"", \""vertex_potential_1\"": -1.0, \""versus_vertex_1\"": \""VS REF\"", \""vertex_hold_1\"": 0, \""acquire_data_during_vertex_hold_1\"": \""NO\"", \""vertex_potential_2\"": 1.2, \""versus_vertex_2\"": \""VS REF\"", \""vertex_hold_2\"": 0, \""acquire_data_during_vertex_hold_2\"": \""NO\"", \""scan_rate\"": 0.075, \""cycles\"": 2, \""limit_1_type\"": \""NONE\"", \""limit_1_direction\"": \""<\"", \""limit_1_value\"": 0, \""limit_2_type\"": \""NONE\"", \""limit_2_direction\"": \""<\"", \""limit_2_value\"": 0, \""current_range\"": \""2MA\"", \""electrometer\"": \""AUTO\"", \""e_filter\"": \""1HZ\"", \""i_filter\"": \""1HZ\"", \""leave_cell_on\"": \""NO\"", \""cell_to_use\"": \""EXTERNAL\"", \""enable_ir_compensation\"": \""DISABLED\"", \""user_defined_the_amount_of_ir_comp\"": 1, \""use_previously_determined_ir_comp\"": \""YES\"", \""bandwidth\"": \""AUTO\"", \""final_potential\"": 0.0, \""versus_final\"": \""VS REF\"", \""low_current_interface_bandwidth\"": \""AUTO\""}]""","{""0"": 0.0, ""1"": 0.0, ""2"": 0.0, ""3"": 0.5, ""4"": 0.0}",asdc_data_011.csv,-4.345960476931689,,-0.6499106114939088,-0.390437126159668,0.549311101436615
11,12,corrosion,12,"[{""op"": ""set_flow"", ""rates"": {""NaCl"": 0.5}, ""hold_time"": 10}, {""op"": ""cv"", ""initial_potential"": 0.0, ""vertex_potential_1"": -1.0, ""vertex_potential_2"": 1.2, ""final_potential"": 0.0, ""scan_rate"": 0.075, ""cycles"": 2, ""current_range"": ""2MA""}]",-13.56,0.0,0.05127879333496094,0.08364183807373046,0.01742751121520996,False,2020-03-11 17:33:42.044828,2020-03-11 17:36:12.616029,[],"[""set_flow"", ""cv""]","""[{\""initial_potential\"": 0.0, \""versus_initial\"": \""VS REF\"", \""vertex_potential_1\"": -1.0, \""versus_vertex_1\"": \""VS REF\"", \""vertex_hold_1\"": 0, \""acquire_data_during_vertex_hold_1\"": \""NO\"", \""vertex_potential_2\"": 1.2, \""versus_vertex_2\"": \""VS REF\"", \""vertex_hold_2\"": 0, \""acquire_data_during_vertex_hold_2\"": \""NO\"", \""scan_rate\"": 0.075, \""cycles\"": 2, \""limit_1_type\"": \""NONE\"", \""limit_1_direction\"": \""<\"", \""limit_1_value\"": 0, \""limit_2_type\"": \""NONE\"", \""limit_2_direction\"": \""<\"", \""limit_2_value\"": 0, \""current_range\"": \""2MA\"", \""electrometer\"": \""AUTO\"", \""e_filter\"": \""1HZ\"", \""i_filter\"": \""1HZ\"", \""leave_cell_on\"": \""NO\"", \""cell_to_use\"": \""EXTERNAL\"", \""enable_ir_compensation\"": \""DISABLED\"", \""user_defined_the_amount_of_ir_comp\"": 1, \""use_previously_determined_ir_comp\"": \""YES\"", \""bandwidth\"": \""AUTO\"", \""final_potential\"": 0.0, \""versus_final\"": \""VS REF\"", \""low_current_interface_bandwidth\"": \""AUTO\""}]""","{""0"": 0.0, ""1"": 0.0, ""2"": 0.0, ""3"": 0.5, ""4"": 0.0}",asdc_data_012.csv,-4.548076698573648,,-0.7636987128200412,-0.568633496761322,0.188317745923996
12,13,corrosion,13,"[{""op"": ""set_flow"", ""rates"": {""NaCl"": 0.5}, ""hold_time"": 10}, {""op"": ""cv"", ""initial_potential"": 0.0, ""vertex_potential_1"": -1.0, ""vertex_potential_2"": 1.2, ""final_potential"": 0.0, ""scan_rate"": 0.075, ""cycles"": 2, ""current_range"": ""2MA""}]",13.56,-9.04,0.060318443298339845,0.05652178955078125,0.01742751121520996,False,2020-03-11 17:37:51.005230,2020-03-11 17:40:21.610631,[],"[""set_flow"", ""cv""]","""[{\""initial_potential\"": 0.0, \""versus_initial\"": \""VS REF\"", \""vertex_potential_1\"": -1.0, \""versus_vertex_1\"": \""VS REF\"", \""vertex_hold_1\"": 0, \""acquire_data_during_vertex_hold_1\"": \""NO\"", \""vertex_potential_2\"": 1.2, \""versus_vertex_2\"": \""VS REF\"", \""vertex_hold_2\"": 0, \""acquire_data_during_vertex_hold_2\"": \""NO\"", \""scan_rate\"": 0.075, \""cycles\"": 2, \""limit_1_type\"": \""NONE\"", \""limit_1_direction\"": \""<\"", \""limit_1_value\"": 0, \""limit_2_type\"": \""NONE\"", \""limit_2_direction\"": \""<\"", \""limit_2_value\"": 0, \""current_range\"": \""2MA\"", \""electrometer\"": \""AUTO\"", \""e_filter\"": \""1HZ\"", \""i_filter\"": \""1HZ\"", \""leave_cell_on\"": \""NO\"", \""cell_to_use\"": \""EXTERNAL\"", \""enable_ir_compensation\"": \""DISABLED\"", \""user_defined_the_amount_of_ir_comp\"": 1, \""use_previously_determined_ir_comp\"": \""YES\"", \""bandwidth\"": \""AUTO\"", \""final_potential\"": 0.0, \""versus_final\"": \""VS REF\"", \""low_current_interface_bandwidth\"": \""AUTO\""}]""","{""0"": 0.0, ""1"": 0.0, ""2"": 0.0, ""3"": 0.5, ""4"": 0.0}",asdc_data_013.csv,-4.478654183763572,,-0.4322082579239081,-0.10642704367637634,0.44779130816459656
13,14,corrosion,14,"[{""op"": ""set_flow"", ""rates"": {""NaCl"": 0.5}, ""hold_time"": 10}, {""op"": ""cv"", ""initial_potential"": 0.0, ""vertex_potential_1"": -1.0, ""vertex_potential_2"": 1.2, ""final_potential"": 0.0, ""scan_rate"": 0.075, ""cycles"": 2, ""current_range"": ""2MA""}]",4.52,9.04,0.042238792419433596,0.06556173706054688,0.01742751121520996,False,2020-03-11 17:42:00.436631,2020-03-11 17:44:31.008832,[],"[""set_flow"", ""cv""]","""[{\""initial_potential\"": 0.0, \""versus_initial\"": \""VS REF\"", \""vertex_potential_1\"": -1.0, \""versus_vertex_1\"": \""VS REF\"", \""vertex_hold_1\"": 0, \""acquire_data_during_vertex_hold_1\"": \""NO\"", \""vertex_potential_2\"": 1.2, \""versus_vertex_2\"": \""VS REF\"", \""vertex_hold_2\"": 0, \""acquire_data_during_vertex_hold_2\"": \""NO\"", \""scan_rate\"": 0.075, \""cycles\"": 2, \""limit_1_type\"": \""NONE\"", \""limit_1_direction\"": \""<\"", \""limit_1_value\"": 0, \""limit_2_type\"": \""NONE\"", \""limit_2_direction\"": \""<\"", \""limit_2_value\"": 0, \""current_range\"": \""2MA\"", \""electrometer\"": \""AUTO\"", \""e_filter\"": \""1HZ\"", \""i_filter\"": \""1HZ\"", \""leave_cell_on\"": \""NO\"", \""cell_to_use\"": \""EXTERNAL\"", \""enable_ir_compensation\"": \""DISABLED\"", \""user_defined_the_amount_of_ir_comp\"": 1, \""use_previously_determined_ir_comp\"": \""YES\"", \""bandwidth\"": \""AUTO\"", \""final_potential\"": 0.0, \""versus_final\"": \""VS REF\"", \""low_current_interface_bandwidth\"": \""AUTO\""}]""","{""0"": 0.0, ""1"": 0.0, ""2"": 0.0, ""3"": 0.5, ""4"": 0.0}",asdc_data_014.csv,-4.869826450115725,,-0.7272006247036784,-0.5950102210044861,-0.2714350521564484
14,15,corrosion,15,"[{""op"": ""set_flow"", ""rates"": {""NaCl"": 0.5}, ""hold_time"": 10}, {""op"": ""cv"", ""initial_potential"": 0.0, ""vertex_potential_1"": -1.0, ""vertex_potential_2"": 1.2, ""final_potential"": 0.0, ""scan_rate"": 0.075, ""cycles"": 2, ""current_range"": ""2MA""}]",0.0,4.52,0.04675849151611328,0.07008163452148437,0.01742751121520996,False,2020-03-11 17:46:06.295633,2020-03-11 17:48:36.835634,[],"[""set_flow"", ""cv""]","""[{\""initial_potential\"": 0.0, \""versus_initial\"": \""VS REF\"", \""vertex_potential_1\"": -1.0, \""versus_vertex_1\"": \""VS REF\"", \""vertex_hold_1\"": 0, \""acquire_data_during_vertex_hold_1\"": \""NO\"", \""vertex_potential_2\"": 1.2, \""versus_vertex_2\"": \""VS REF\"", \""vertex_hold_2\"": 0, \""acquire_data_during_vertex_hold_2\"": \""NO\"", \""scan_rate\"": 0.075, \""cycles\"": 2, \""limit_1_type\"": \""NONE\"", \""limit_1_direction\"": \""<\"", \""limit_1_value\"": 0, \""limit_2_type\"": \""NONE\"", \""limit_2_direction\"": \""<\"", \""limit_2_value\"": 0, \""current_range\"": \""2MA\"", \""electrometer\"": \""AUTO\"", \""e_filter\"": \""1HZ\"", \""i_filter\"": \""1HZ\"", \""leave_cell_on\"": \""NO\"", \""cell_to_use\"": \""EXTERNAL\"", \""enable_ir_compensation\"": \""DISABLED\"", \""user_defined_the_amount_of_ir_comp\"": 1, \""use_previously_determined_ir_comp\"": \""YES\"", \""bandwidth\"": \""AUTO\"", \""final_potential\"": 0.0, \""versus_final\"": \""VS REF\"", \""low_current_interface_bandwidth\"": \""AUTO\""}]""","{""0"": 0.0, ""1"": 0.0, ""2"": 0.0, ""3"": 0.5, ""4"": 0.0}",asdc_data_015.csv,-4.377509455647905,,-0.6293632019817623,-0.15273970365524292,0.12022893875837325
15,16,corrosion,16,"[{""op"": ""set_flow"", ""rates"": {""NaCl"": 0.5}, ""hold_time"": 10}, {""op"": ""cv"", ""initial_potential"": 0.0, ""vertex_potential_1"": -1.0, ""vertex_potential_2"": 1.2, ""final_potential"": 0.0, ""scan_rate"": 0.075, ""cycles"": 2, ""current_range"": ""2MA""}]",-22.6,-9.04,0.060318492889404295,0.0926817398071289,0.017427560806274413,False,2020-03-11 17:50:14.195234,2020-03-11 17:52:44.738235,[],"[""set_flow"", ""cv""]","""[{\""initial_potential\"": 0.0, \""versus_initial\"": \""VS REF\"", \""vertex_potential_1\"": -1.0, \""versus_vertex_1\"": \""VS REF\"", \""vertex_hold_1\"": 0, \""acquire_data_during_vertex_hold_1\"": \""NO\"", \""vertex_potential_2\"": 1.2, \""versus_vertex_2\"": \""VS REF\"", \""vertex_hold_2\"": 0, \""acquire_data_during_vertex_hold_2\"": \""NO\"", \""scan_rate\"": 0.075, \""cycles\"": 2, \""limit_1_type\"": \""NONE\"", \""limit_1_direction\"": \""<\"", \""limit_1_value\"": 0, \""limit_2_type\"": \""NONE\"", \""limit_2_direction\"": \""<\"", \""limit_2_value\"": 0, \""current_range\"": \""2MA\"", \""electrometer\"": \""AUTO\"", \""e_filter\"": \""1HZ\"", \""i_filter\"": \""1HZ\"", \""leave_cell_on\"": \""NO\"", \""cell_to_use\"": \""EXTERNAL\"", \""enable_ir_compensation\"": \""DISABLED\"", \""user_defined_the_amount_of_ir_comp\"": 1, \""use_previously_determined_ir_comp\"": \""YES\"", \""bandwidth\"": \""AUTO\"", \""final_potential\"": 0.0, \""versus_final\"": \""VS REF\"", \""low_current_interface_bandwidth\"": \""AUTO\""}]""","{""0"": 0.0, ""1"": 0.0, ""2"": 0.0, ""3"": 0.5, ""4"": 0.0}",asdc_data_016.csv,-4.441395938607404,,-0.7115585567211518,-0.4634332358837128,0.10274668037891388
16,17,corrosion,17,"[{""op"": ""set_flow"", ""rates"": {""NaCl"": 0.5}, ""hold_time"": 10}, {""op"": ""cv"", ""initial_potential"": 0.0, ""vertex_potential_1"": -1.0, ""vertex_potential_2"": 1.2, ""final_potential"": 0.0, ""scan_rate"": 0.075, ""cycles"": 2, ""current_range"": ""2MA""}]",0.0,13.56,0.037718841552734375,0.070081787109375,0.01742751121520996,False,2020-03-11 17:54:22.597036,2020-03-11 17:56:53.200437,[],"[""set_flow"", ""cv""]","""[{\""initial_potential\"": 0.0, \""versus_initial\"": \""VS REF\"", \""vertex_potential_1\"": -1.0, \""versus_vertex_1\"": \""VS REF\"", \""vertex_hold_1\"": 0, \""acquire_data_during_vertex_hold_1\"": \""NO\"", \""vertex_potential_2\"": 1.2, \""versus_vertex_2\"": \""VS REF\"", \""vertex_hold_2\"": 0, \""acquire_data_during_vertex_hold_2\"": \""NO\"", \""scan_rate\"": 0.075, \""cycles\"": 2, \""limit_1_type\"": \""NONE\"", \""limit_1_direction\"": \""<\"", \""limit_1_value\"": 0, \""limit_2_type\"": \""NONE\"", \""limit_2_direction\"": \""<\"", \""limit_2_value\"": 0, \""current_range\"": \""2MA\"", \""electrometer\"": \""AUTO\"", \""e_filter\"": \""1HZ\"", \""i_filter\"": \""1HZ\"", \""leave_cell_on\"": \""NO\"", \""cell_to_use\"": \""EXTERNAL\"", \""enable_ir_compensation\"": \""DISABLED\"", \""user_defined_the_amount_of_ir_comp\"": 1, \""use_previously_determined_ir_comp\"": \""YES\"", \""bandwidth\"": \""AUTO\"", \""final_potential\"": 0.0, \""versus_final\"": \""VS REF\"", \""low_current_interface_bandwidth\"": \""AUTO\""}]""","{""0"": 0.0, ""1"": 0.0, ""2"": 0.0, ""3"": 0.5, ""4"": 0.0}",asdc_data_017.csv,-4.132704599199424,,-0.5440969480438085,-0.14016474783420566,0.3284825384616852
17,18,corrosion,18,"[{""op"": ""set_flow"", ""rates"": {""NaCl"": 0.5}, ""hold_time"": 10}, {""op"": ""cv"", ""initial_potential"": 0.0, ""vertex_potential_1"": -1.0, ""vertex_potential_2"": 1.2, ""final_potential"": 0.0, ""scan_rate"": 0.075, ""cycles"": 2, ""current_range"": ""2MA""}]",-13.56,27.12,0.024158695220947265,0.08364168548583985,0.01742751121520996,False,2020-03-11 17:58:28.907437,2020-03-11 18:00:59.401638,[],"[""set_flow"", ""cv""]","""[{\""initial_potential\"": 0.0, \""versus_initial\"": \""VS REF\"", \""vertex_potential_1\"": -1.0, \""versus_vertex_1\"": \""VS REF\"", \""vertex_hold_1\"": 0, \""acquire_data_during_vertex_hold_1\"": \""NO\"", \""vertex_potential_2\"": 1.2, \""versus_vertex_2\"": \""VS REF\"", \""vertex_hold_2\"": 0, \""acquire_data_during_vertex_hold_2\"": \""NO\"", \""scan_rate\"": 0.075, \""cycles\"": 2, \""limit_1_type\"": \""NONE\"", \""limit_1_direction\"": \""<\"", \""limit_1_value\"": 0, \""limit_2_type\"": \""NONE\"", \""limit_2_direction\"": \""<\"", \""limit_2_value\"": 0, \""current_range\"": \""2MA\"", \""electrometer\"": \""AUTO\"", \""e_filter\"": \""1HZ\"", \""i_filter\"": \""1HZ\"", \""leave_cell_on\"": \""NO\"", \""cell_to_use\"": \""EXTERNAL\"", \""enable_ir_compensation\"": \""DISABLED\"", \""user_defined_the_amount_of_ir_comp\"": 1, \""use_previously_determined_ir_comp\"": \""YES\"", \""bandwidth\"": \""AUTO\"", \""final_potential\"": 0.0, \""versus_final\"": \""VS REF\"", \""low_current_interface_bandwidth\"": \""AUTO\""}]""","{""0"": 0.0, ""1"": 0.0, ""2"": 0.0, ""3"": 0.5, ""4"": 0.0}",asdc_data_018.csv,-4.452202816776465,,-0.6082997705628215,-0.3220416009426117,-0.0665552169084549
18,19,corrosion,19,"[{""op"": ""set_flow"", ""rates"": {""NaCl"": 0.5}, ""hold_time"": 10}, {""op"": ""cv"", ""initial_potential"": 0.0, ""vertex_potential_1"": -1.0, ""vertex_potential_2"": 1.2, ""final_potential"": 0.0, ""scan_rate"": 0.075, ""cycles"": 2, ""current_range"": ""2MA""}]",-31.64,9.04,0.04223844146728516,0.10000003814697266,0.01742751121520996,False,2020-03-11 18:02:35.528839,2020-03-11 18:05:06.118640,[],"[""set_flow"", ""cv""]","""[{\""initial_potential\"": 0.0, \""versus_initial\"": \""VS REF\"", \""vertex_potential_1\"": -1.0, \""versus_vertex_1\"": \""VS REF\"", \""vertex_hold_1\"": 0, \""acquire_data_during_vertex_hold_1\"": \""NO\"", \""vertex_potential_2\"": 1.2, \""versus_vertex_2\"": \""VS REF\"", \""vertex_hold_2\"": 0, \""acquire_data_during_vertex_hold_2\"": \""NO\"", \""scan_rate\"": 0.075, \""cycles\"": 2, \""limit_1_type\"": \""NONE\"", \""limit_1_direction\"": \""<\"", \""limit_1_value\"": 0, \""limit_2_type\"": \""NONE\"", \""limit_2_direction\"": \""<\"", \""limit_2_value\"": 0, \""current_range\"": \""2MA\"", \""electrometer\"": \""AUTO\"", \""e_filter\"": \""1HZ\"", \""i_filter\"": \""1HZ\"", \""leave_cell_on\"": \""NO\"", \""cell_to_use\"": \""EXTERNAL\"", \""enable_ir_compensation\"": \""DISABLED\"", \""user_defined_the_amount_of_ir_comp\"": 1, \""use_previously_determined_ir_comp\"": \""YES\"", \""bandwidth\"": \""AUTO\"", \""final_potential\"": 0.0, \""versus_final\"": \""VS REF\"", \""low_current_interface_bandwidth\"": \""AUTO\""}]""","{""0"": 0.0, ""1"": 0.0, ""2"": 0.0, ""3"": 0.5, ""4"": 0.0}",asdc_data_019.csv,-7.212663280890099,,-0.9836159338909866,0.025456681847572327,0.3134539425373077
19,20,corrosion,20,"[{""op"": ""set_flow"", ""rates"": {""NaCl"": 0.5}, ""hold_time"": 10}, {""op"": ""cv"", ""initial_potential"": 0.0, ""vertex_potential_1"": -1.0, ""vertex_potential_2"": 1.2, ""final_potential"": 0.0, ""scan_rate"": 0.075, ""cycles"": 2, ""current_range"": ""2MA""}]",4.52,-27.12,0.0783985366821289,0.0655618896484375,0.01692751121520996,False,2020-03-11 18:10:24.033042,2020-03-11 18:12:52.530443,[],"[""set_flow"", ""cv""]","""[{\""initial_potential\"": 0.0, \""versus_initial\"": \""VS REF\"", \""vertex_potential_1\"": -1.0, \""versus_vertex_1\"": \""VS REF\"", \""vertex_hold_1\"": 0, \""acquire_data_during_vertex_hold_1\"": \""NO\"", \""vertex_potential_2\"": 1.2, \""versus_vertex_2\"": \""VS REF\"", \""vertex_hold_2\"": 0, \""acquire_data_during_vertex_hold_2\"": \""NO\"", \""scan_rate\"": 0.075, \""cycles\"": 2, \""limit_1_type\"": \""NONE\"", \""limit_1_direction\"": \""<\"", \""limit_1_value\"": 0, \""limit_2_type\"": \""NONE\"", \""limit_2_direction\"": \""<\"", \""limit_2_value\"": 0, \""current_range\"": \""2MA\"", \""electrometer\"": \""AUTO\"", \""e_filter\"": \""1HZ\"", \""i_filter\"": \""1HZ\"", \""leave_cell_on\"": \""NO\"", \""cell_to_use\"": \""EXTERNAL\"", \""enable_ir_compensation\"": \""DISABLED\"", \""user_defined_the_amount_of_ir_comp\"": 1, \""use_previously_determined_ir_comp\"": \""YES\"", \""bandwidth\"": \""AUTO\"", \""final_potential\"": 0.0, \""versus_final\"": \""VS REF\"", \""low_current_interface_bandwidth\"": \""AUTO\""}]""","{""0"": 0.0, ""1"": 0.0, ""2"": 0.0, ""3"": 0.5, ""4"": 0.0}",asdc_data_020.csv,-7.212663280890099,,0.0064469263177896205,0.4526986181735992,0.6419364213943481
20,21,corrosion,21,"[{""op"": ""set_flow"", ""rates"": {""NaCl"": 0.5}, ""hold_time"": 10}, {""op"": ""cv"", ""initial_potential"": 0.0, ""vertex_potential_1"": -1.0, ""vertex_potential_2"": 1.2, ""final_potential"": 0.0, ""scan_rate"": 0.075, ""cycles"": 2, ""current_range"": ""2MA""}]",-13.56,-9.04,0.060318843841552734,0.08364163970947265,0.01692751121520996,False,2020-03-11 18:14:28.907244,2020-03-11 18:16:59.480445,[],"[""set_flow"", ""cv""]","""[{\""initial_potential\"": 0.0, \""versus_initial\"": \""VS REF\"", \""vertex_potential_1\"": -1.0, \""versus_vertex_1\"": \""VS REF\"", \""vertex_hold_1\"": 0, \""acquire_data_during_vertex_hold_1\"": \""NO\"", \""vertex_potential_2\"": 1.2, \""versus_vertex_2\"": \""VS REF\"", \""vertex_hold_2\"": 0, \""acquire_data_during_vertex_hold_2\"": \""NO\"", \""scan_rate\"": 0.075, \""cycles\"": 2, \""limit_1_type\"": \""NONE\"", \""limit_1_direction\"": \""<\"", \""limit_1_value\"": 0, \""limit_2_type\"": \""NONE\"", \""limit_2_direction\"": \""<\"", \""limit_2_value\"": 0, \""current_range\"": \""2MA\"", \""electrometer\"": \""AUTO\"", \""e_filter\"": \""1HZ\"", \""i_filter\"": \""1HZ\"", \""leave_cell_on\"": \""NO\"", \""cell_to_use\"": \""EXTERNAL\"", \""enable_ir_compensation\"": \""DISABLED\"", \""user_defined_the_amount_of_ir_comp\"": 1, \""use_previously_determined_ir_comp\"": \""YES\"", \""bandwidth\"": \""AUTO\"", \""final_potential\"": 0.0, \""versus_final\"": \""VS REF\"", \""low_current_interface_bandwidth\"": \""AUTO\""}]""","{""0"": 0.0, ""1"": 0.0, ""2"": 0.0, ""3"": 0.5, ""4"": 0.0}",asdc_data_021.csv,-4.678222342276532,,-0.8103180509370519,-0.5861157774925232,0.3159075975418091
21,22,corrosion,22,"[{""op"": ""set_flow"", ""rates"": {""NaCl"": 0.5}, ""hold_time"": 10}, {""op"": ""cv"", ""initial_potential"": 0.0, ""vertex_potential_1"": -1.0, ""vertex_potential_2"": 1.2, ""final_potential"": 0.0, ""scan_rate"": 0.075, ""cycles"": 2, ""current_range"": ""2MA""}]",22.6,0.0,0.051278644561767575,0.04748179244995117,0.01692776107788086,False,2020-03-11 18:18:39.601245,2020-03-11 18:21:10.221246,[],"[""set_flow"", ""cv""]","""[{\""initial_potential\"": 0.0, \""versus_initial\"": \""VS REF\"", \""vertex_potential_1\"": -1.0, \""versus_vertex_1\"": \""VS REF\"", \""vertex_hold_1\"": 0, \""acquire_data_during_vertex_hold_1\"": \""NO\"", \""vertex_potential_2\"": 1.2, \""versus_vertex_2\"": \""VS REF\"", \""vertex_hold_2\"": 0, \""acquire_data_during_vertex_hold_2\"": \""NO\"", \""scan_rate\"": 0.075, \""cycles\"": 2, \""limit_1_type\"": \""NONE\"", \""limit_1_direction\"": \""<\"", \""limit_1_value\"": 0, \""limit_2_type\"": \""NONE\"", \""limit_2_direction\"": \""<\"", \""limit_2_value\"": 0, \""current_range\"": \""2MA\"", \""electrometer\"": \""AUTO\"", \""e_filter\"": \""1HZ\"", \""i_filter\"": \""1HZ\"", \""leave_cell_on\"": \""NO\"", \""cell_to_use\"": \""EXTERNAL\"", \""enable_ir_compensation\"": \""DISABLED\"", \""user_defined_the_amount_of_ir_comp\"": 1, \""use_previously_determined_ir_comp\"": \""YES\"", \""bandwidth\"": \""AUTO\"", \""final_potential\"": 0.0, \""versus_final\"": \""VS REF\"", \""low_current_interface_bandwidth\"": \""AUTO\""}]""","{""0"": 0.0, ""1"": 0.0, ""2"": 0.0, ""3"": 0.5, ""4"": 0.0}",asdc_data_022.csv,-5.184906334425985,,-0.6146394425423194,-0.3839962780475617,0.12237588316202165
22,23,corrosion,23,"[{""op"": ""set_flow"", ""rates"": {""NaCl"": 0.5}, ""hold_time"": 10}, {""op"": ""cv"", ""initial_potential"": 0.0, ""vertex_potential_1"": -1.0, ""vertex_potential_2"": 1.2, ""final_potential"": 0.0, ""scan_rate"": 0.075, ""cycles"": 2, ""current_range"": ""2MA""}]",22.6,-9.04,0.06031839370727539,0.047481842041015625,0.01692776107788086,False,2020-03-11 18:22:44.945447,2020-03-11 18:25:15.501048,[],"[""set_flow"", ""cv""]","""[{\""initial_potential\"": 0.0, \""versus_initial\"": \""VS REF\"", \""vertex_potential_1\"": -1.0, \""versus_vertex_1\"": \""VS REF\"", \""vertex_hold_1\"": 0, \""acquire_data_during_vertex_hold_1\"": \""NO\"", \""vertex_potential_2\"": 1.2, \""versus_vertex_2\"": \""VS REF\"", \""vertex_hold_2\"": 0, \""acquire_data_during_vertex_hold_2\"": \""NO\"", \""scan_rate\"": 0.075, \""cycles\"": 2, \""limit_1_type\"": \""NONE\"", \""limit_1_direction\"": \""<\"", \""limit_1_value\"": 0, \""limit_2_type\"": \""NONE\"", \""limit_2_direction\"": \""<\"", \""limit_2_value\"": 0, \""current_range\"": \""2MA\"", \""electrometer\"": \""AUTO\"", \""e_filter\"": \""1HZ\"", \""i_filter\"": \""1HZ\"", \""leave_cell_on\"": \""NO\"", \""cell_to_use\"": \""EXTERNAL\"", \""enable_ir_compensation\"": \""DISABLED\"", \""user_defined_the_amount_of_ir_comp\"": 1, \""use_previously_determined_ir_comp\"": \""YES\"", \""bandwidth\"": \""AUTO\"", \""final_potential\"": 0.0, \""versus_final\"": \""VS REF\"", \""low_current_interface_bandwidth\"": \""AUTO\""}]""","{""0"": 0.0, ""1"": 0.0, ""2"": 0.0, ""3"": 0.5, ""4"": 0.0}",asdc_data_023.csv,-5.010852740741319,,-0.306399575653983,-0.1990523636341095,0.2033463567495346
23,24,corrosion,24,"[{""op"": ""set_flow"", ""rates"": {""NaCl"": 0.5}, ""hold_time"": 10}, {""op"": ""cv"", ""initial_potential"": 0.0, ""vertex_potential_1"": -1.0, ""vertex_potential_2"": 1.2, ""final_potential"": 0.0, ""scan_rate"": 0.075, ""cycles"": 2, ""current_range"": ""2MA""}]",-4.52,-18.08,0.06935854339599609,0.0746016845703125,0.016927961349487305,False,2020-03-11 18:26:53.715048,2020-03-11 18:29:24.256049,[],"[""set_flow"", ""cv""]","""[{\""initial_potential\"": 0.0, \""versus_initial\"": \""VS REF\"", \""vertex_potential_1\"": -1.0, \""versus_vertex_1\"": \""VS REF\"", \""vertex_hold_1\"": 0, \""acquire_data_during_vertex_hold_1\"": \""NO\"", \""vertex_potential_2\"": 1.2, \""versus_vertex_2\"": \""VS REF\"", \""vertex_hold_2\"": 0, \""acquire_data_during_vertex_hold_2\"": \""NO\"", \""scan_rate\"": 0.075, \""cycles\"": 2, \""limit_1_type\"": \""NONE\"", \""limit_1_direction\"": \""<\"", \""limit_1_value\"": 0, \""limit_2_type\"": \""NONE\"", \""limit_2_direction\"": \""<\"", \""limit_2_value\"": 0, \""current_range\"": \""2MA\"", \""electrometer\"": \""AUTO\"", \""e_filter\"": \""1HZ\"", \""i_filter\"": \""1HZ\"", \""leave_cell_on\"": \""NO\"", \""cell_to_use\"": \""EXTERNAL\"", \""enable_ir_compensation\"": \""DISABLED\"", \""user_defined_the_amount_of_ir_comp\"": 1, \""use_previously_determined_ir_comp\"": \""YES\"", \""bandwidth\"": \""AUTO\"", \""final_potential\"": 0.0, \""versus_final\"": \""VS REF\"", \""low_current_interface_bandwidth\"": \""AUTO\""}]""","{""0"": 0.0, ""1"": 0.0, ""2"": 0.0, ""3"": 0.5, ""4"": 0.0}",asdc_data_024.csv,-4.758930367105983,,-0.7669193930036857,-0.4977843463420868,0.3070130944252014
24,25,corrosion,25,"[{""op"": ""set_flow"", ""rates"": {""NaCl"": 0.5}, ""hold_time"": 10}, {""op"": ""cv"", ""initial_potential"": 0.0, ""vertex_potential_1"": -1.0, ""vertex_potential_2"": 1.2, ""final_potential"": 0.0, ""scan_rate"": 0.075, ""cycles"": 2, ""current_range"": ""2MA""}]",22.6,18.08,0.03319879150390625,0.047481842041015625,0.01692801094055176,False,2020-03-11 18:31:04.392450,2020-03-11 18:33:33.936051,[],"[""set_flow"", ""cv""]","""[{\""initial_potential\"": 0.0, \""versus_initial\"": \""VS REF\"", \""vertex_potential_1\"": -1.0, \""versus_vertex_1\"": \""VS REF\"", \""vertex_hold_1\"": 0, \""acquire_data_during_vertex_hold_1\"": \""NO\"", \""vertex_potential_2\"": 1.2, \""versus_vertex_2\"": \""VS REF\"", \""vertex_hold_2\"": 0, \""acquire_data_during_vertex_hold_2\"": \""NO\"", \""scan_rate\"": 0.075, \""cycles\"": 2, \""limit_1_type\"": \""NONE\"", \""limit_1_direction\"": \""<\"", \""limit_1_value\"": 0, \""limit_2_type\"": \""NONE\"", \""limit_2_direction\"": \""<\"", \""limit_2_value\"": 0, \""current_range\"": \""2MA\"", \""electrometer\"": \""AUTO\"", \""e_filter\"": \""1HZ\"", \""i_filter\"": \""1HZ\"", \""leave_cell_on\"": \""NO\"", \""cell_to_use\"": \""EXTERNAL\"", \""enable_ir_compensation\"": \""DISABLED\"", \""user_defined_the_amount_of_ir_comp\"": 1, \""use_previously_determined_ir_comp\"": \""YES\"", \""bandwidth\"": \""AUTO\"", \""final_potential\"": 0.0, \""versus_final\"": \""VS REF\"", \""low_current_interface_bandwidth\"": \""AUTO\""}]""","{""0"": 0.0, ""1"": 0.0, ""2"": 0.0, ""3"": 0.5, ""4"": 0.0}",asdc_data_025.csv,-4.931216059753682,,-0.7744158673080951,-0.6673929691314697,0.7164660692214966
25,26,corrosion,26,"[{""op"": ""set_flow"", ""rates"": {""NaCl"": 0.5}, ""hold_time"": 10}, {""op"": ""cv"", ""initial_potential"": 0.0, ""vertex_potential_1"": -1.0, ""vertex_potential_2"": 1.2, ""final_potential"": 0.0, ""scan_rate"": 0.075, ""cycles"": 2, ""current_range"": ""2MA""}]",13.56,27.12,0.024158645629882812,0.05652164077758789,0.01692816162109375,False,2020-03-11 18:35:08.317052,2020-03-11 18:37:38.888253,[],"[""set_flow"", ""cv""]","""[{\""initial_potential\"": 0.0, \""versus_initial\"": \""VS REF\"", \""vertex_potential_1\"": -1.0, \""versus_vertex_1\"": \""VS REF\"", \""vertex_hold_1\"": 0, \""acquire_data_during_vertex_hold_1\"": \""NO\"", \""vertex_potential_2\"": 1.2, \""versus_vertex_2\"": \""VS REF\"", \""vertex_hold_2\"": 0, \""acquire_data_during_vertex_hold_2\"": \""NO\"", \""scan_rate\"": 0.075, \""cycles\"": 2, \""limit_1_type\"": \""NONE\"", \""limit_1_direction\"": \""<\"", \""limit_1_value\"": 0, \""limit_2_type\"": \""NONE\"", \""limit_2_direction\"": \""<\"", \""limit_2_value\"": 0, \""current_range\"": \""2MA\"", \""electrometer\"": \""AUTO\"", \""e_filter\"": \""1HZ\"", \""i_filter\"": \""1HZ\"", \""leave_cell_on\"": \""NO\"", \""cell_to_use\"": \""EXTERNAL\"", \""enable_ir_compensation\"": \""DISABLED\"", \""user_defined_the_amount_of_ir_comp\"": 1, \""use_previously_determined_ir_comp\"": \""YES\"", \""bandwidth\"": \""AUTO\"", \""final_potential\"": 0.0, \""versus_final\"": \""VS REF\"", \""low_current_interface_bandwidth\"": \""AUTO\""}]""","{""0"": 0.0, ""1"": 0.0, ""2"": 0.0, ""3"": 0.5, ""4"": 0.0}",asdc_data_026.csv,-5.125890817466292,,-0.6235339597387435,-0.42816200852394093,0.4367498755455017
26,27,corrosion,27,"[{""op"": ""set_flow"", ""rates"": {""NaCl"": 0.5}, ""hold_time"": 10}, {""op"": ""cv"", ""initial_potential"": 0.0, ""vertex_potential_1"": -1.0, ""vertex_potential_2"": 1.2, ""final_potential"": 0.0, ""scan_rate"": 0.075, ""cycles"": 2, ""current_range"": ""2MA""}]",4.52,-9.04,0.060318443298339845,0.06556153869628906,0.016928361892700194,False,2020-03-11 18:39:18.858453,2020-03-11 18:41:49.464454,[],"[""set_flow"", ""cv""]","""[{\""initial_potential\"": 0.0, \""versus_initial\"": \""VS REF\"", \""vertex_potential_1\"": -1.0, \""versus_vertex_1\"": \""VS REF\"", \""vertex_hold_1\"": 0, \""acquire_data_during_vertex_hold_1\"": \""NO\"", \""vertex_potential_2\"": 1.2, \""versus_vertex_2\"": \""VS REF\"", \""vertex_hold_2\"": 0, \""acquire_data_during_vertex_hold_2\"": \""NO\"", \""scan_rate\"": 0.075, \""cycles\"": 2, \""limit_1_type\"": \""NONE\"", \""limit_1_direction\"": \""<\"", \""limit_1_value\"": 0, \""limit_2_type\"": \""NONE\"", \""limit_2_direction\"": \""<\"", \""limit_2_value\"": 0, \""current_range\"": \""2MA\"", \""electrometer\"": \""AUTO\"", \""e_filter\"": \""1HZ\"", \""i_filter\"": \""1HZ\"", \""leave_cell_on\"": \""NO\"", \""cell_to_use\"": \""EXTERNAL\"", \""enable_ir_compensation\"": \""DISABLED\"", \""user_defined_the_amount_of_ir_comp\"": 1, \""use_previously_determined_ir_comp\"": \""YES\"", \""bandwidth\"": \""AUTO\"", \""final_potential\"": 0.0, \""versus_final\"": \""VS REF\"", \""low_current_interface_bandwidth\"": \""AUTO\""}]""","{""0"": 0.0, ""1"": 0.0, ""2"": 0.0, ""3"": 0.5, ""4"": 0.0}",asdc_data_027.csv,-4.919993306279115,,-0.7919515431505131,-0.5532981753349304,0.2146944999694824
27,28,corrosion,28,"[{""op"": ""set_flow"", ""rates"": {""NaCl"": 0.5}, ""hold_time"": 10}, {""op"": ""cv"", ""initial_potential"": 0.0, ""vertex_potential_1"": -1.0, ""vertex_potential_2"": 1.2, ""final_potential"": 0.0, ""scan_rate"": 0.075, ""cycles"": 2, ""current_range"": ""2MA""}]",18.08,-22.6,0.07387873840332031,0.05200149154663086,0.016826162338256834,False,2020-03-12 09:43:24.895801,2020-03-12 09:45:53.425402,[],"[""set_flow"", ""cv""]","""[{\""initial_potential\"": 0.0, \""versus_initial\"": \""VS REF\"", \""vertex_potential_1\"": -1.0, \""versus_vertex_1\"": \""VS REF\"", \""vertex_hold_1\"": 0, \""acquire_data_during_vertex_hold_1\"": \""NO\"", \""vertex_potential_2\"": 1.2, \""versus_vertex_2\"": \""VS REF\"", \""vertex_hold_2\"": 0, \""acquire_data_during_vertex_hold_2\"": \""NO\"", \""scan_rate\"": 0.075, \""cycles\"": 2, \""limit_1_type\"": \""NONE\"", \""limit_1_direction\"": \""<\"", \""limit_1_value\"": 0, \""limit_2_type\"": \""NONE\"", \""limit_2_direction\"": \""<\"", \""limit_2_value\"": 0, \""current_range\"": \""2MA\"", \""electrometer\"": \""AUTO\"", \""e_filter\"": \""1HZ\"", \""i_filter\"": \""1HZ\"", \""leave_cell_on\"": \""NO\"", \""cell_to_use\"": \""EXTERNAL\"", \""enable_ir_compensation\"": \""DISABLED\"", \""user_defined_the_amount_of_ir_comp\"": 1, \""use_previously_determined_ir_comp\"": \""YES\"", \""bandwidth\"": \""AUTO\"", \""final_potential\"": 0.0, \""versus_final\"": \""VS REF\"", \""low_current_interface_bandwidth\"": \""AUTO\""}]""","{""0"": 0.0, ""1"": 0.0, ""2"": 0.0, ""3"": 0.5, ""4"": 0.0}",asdc_data_028.csv,-4.407427228967555,,0.45177849248045254,0.7226002216339111,0.8836210370063782
28,29,corrosion,29,"[{""op"": ""set_flow"", ""rates"": {""NaCl"": 0.5}, ""hold_time"": 10}, {""op"": ""cv"", ""initial_potential"": 0.0, ""vertex_potential_1"": -1.0, ""vertex_potential_2"": 1.2, ""final_potential"": 0.0, ""scan_rate"": 0.075, ""cycles"": 2, ""current_range"": ""2MA""}]",-13.56,18.08,0.03319894409179688,0.08364154052734375,0.016826362609863282,False,2020-03-12 09:47:34.717202,2020-03-12 09:50:05.259203,[],"[""set_flow"", ""cv""]","""[{\""initial_potential\"": 0.0, \""versus_initial\"": \""VS REF\"", \""vertex_potential_1\"": -1.0, \""versus_vertex_1\"": \""VS REF\"", \""vertex_hold_1\"": 0, \""acquire_data_during_vertex_hold_1\"": \""NO\"", \""vertex_potential_2\"": 1.2, \""versus_vertex_2\"": \""VS REF\"", \""vertex_hold_2\"": 0, \""acquire_data_during_vertex_hold_2\"": \""NO\"", \""scan_rate\"": 0.075, \""cycles\"": 2, \""limit_1_type\"": \""NONE\"", \""limit_1_direction\"": \""<\"", \""limit_1_value\"": 0, \""limit_2_type\"": \""NONE\"", \""limit_2_direction\"": \""<\"", \""limit_2_value\"": 0, \""current_range\"": \""2MA\"", \""electrometer\"": \""AUTO\"", \""e_filter\"": \""1HZ\"", \""i_filter\"": \""1HZ\"", \""leave_cell_on\"": \""NO\"", \""cell_to_use\"": \""EXTERNAL\"", \""enable_ir_compensation\"": \""DISABLED\"", \""user_defined_the_amount_of_ir_comp\"": 1, \""use_previously_determined_ir_comp\"": \""YES\"", \""bandwidth\"": \""AUTO\"", \""final_potential\"": 0.0, \""versus_final\"": \""VS REF\"", \""low_current_interface_bandwidth\"": \""AUTO\""}]""","{""0"": 0.0, ""1"": 0.0, ""2"": 0.0, ""3"": 0.5, ""4"": 0.0}",asdc_data_029.csv,-4.37719174411331,,0.245671816866457,0.5020783543586731,0.8130785822868347
29,30,corrosion,30,"[{""op"": ""set_flow"", ""rates"": {""NaCl"": 0.5}, ""hold_time"": 10}, {""op"": ""cv"", ""initial_potential"": 0.0, ""vertex_potential_1"": -1.0, ""vertex_potential_2"": 1.2, ""final_potential"": 0.0, ""scan_rate"": 0.075, ""cycles"": 2, ""current_range"": ""2MA""}]",13.56,0.0,0.05127869415283203,0.05652178955078125,0.01682651138305664,False,2020-03-12 09:51:44.679004,2020-03-12 09:54:15.251205,[],"[""set_flow"", ""cv""]","""[{\""initial_potential\"": 0.0, \""versus_initial\"": \""VS REF\"", \""vertex_potential_1\"": -1.0, \""versus_vertex_1\"": \""VS REF\"", \""vertex_hold_1\"": 0, \""acquire_data_during_vertex_hold_1\"": \""NO\"", \""vertex_potential_2\"": 1.2, \""versus_vertex_2\"": \""VS REF\"", \""vertex_hold_2\"": 0, \""acquire_data_during_vertex_hold_2\"": \""NO\"", \""scan_rate\"": 0.075, \""cycles\"": 2, \""limit_1_type\"": \""NONE\"", \""limit_1_direction\"": \""<\"", \""limit_1_value\"": 0, \""limit_2_type\"": \""NONE\"", \""limit_2_direction\"": \""<\"", \""limit_2_value\"": 0, \""current_range\"": \""2MA\"", \""electrometer\"": \""AUTO\"", \""e_filter\"": \""1HZ\"", \""i_filter\"": \""1HZ\"", \""leave_cell_on\"": \""NO\"", \""cell_to_use\"": \""EXTERNAL\"", \""enable_ir_compensation\"": \""DISABLED\"", \""user_defined_the_amount_of_ir_comp\"": 1, \""use_previously_determined_ir_comp\"": \""YES\"", \""bandwidth\"": \""AUTO\"", \""final_potential\"": 0.0, \""versus_final\"": \""VS REF\"", \""low_current_interface_bandwidth\"": \""AUTO\""}]""","{""0"": 0.0, ""1"": 0.0, ""2"": 0.0, ""3"": 0.5, ""4"": 0.0}",asdc_data_030.csv,-4.317931705146916,,0.47846199800741945,0.7115587592124939,0.9606043100357056
30,31,corrosion,31,"[{""op"": ""set_flow"", ""rates"": {""NaCl"": 0.5}, ""hold_time"": 10}, {""op"": ""cv"", ""initial_potential"": 0.0, ""vertex_potential_1"": -1.0, ""vertex_potential_2"": 1.2, ""final_potential"": 0.0, ""scan_rate"": 0.075, ""cycles"": 2, ""current_range"": ""2MA""}]",-31.64,-9.04,0.060318843841552734,0.09999988555908203,0.016826662063598632,False,2020-03-12 09:55:56.824805,2020-03-12 09:58:27.398006,[],"[""set_flow"", ""cv""]","""[{\""initial_potential\"": 0.0, \""versus_initial\"": \""VS REF\"", \""vertex_potential_1\"": -1.0, \""versus_vertex_1\"": \""VS REF\"", \""vertex_hold_1\"": 0, \""acquire_data_during_vertex_hold_1\"": \""NO\"", \""vertex_potential_2\"": 1.2, \""versus_vertex_2\"": \""VS REF\"", \""vertex_hold_2\"": 0, \""acquire_data_during_vertex_hold_2\"": \""NO\"", \""scan_rate\"": 0.075, \""cycles\"": 2, \""limit_1_type\"": \""NONE\"", \""limit_1_direction\"": \""<\"", \""limit_1_value\"": 0, \""limit_2_type\"": \""NONE\"", \""limit_2_direction\"": \""<\"", \""limit_2_value\"": 0, \""current_range\"": \""2MA\"", \""electrometer\"": \""AUTO\"", \""e_filter\"": \""1HZ\"", \""i_filter\"": \""1HZ\"", \""leave_cell_on\"": \""NO\"", \""cell_to_use\"": \""EXTERNAL\"", \""enable_ir_compensation\"": \""DISABLED\"", \""user_defined_the_amount_of_ir_comp\"": 1, \""use_previously_determined_ir_comp\"": \""YES\"", \""bandwidth\"": \""AUTO\"", \""final_potential\"": 0.0, \""versus_final\"": \""VS REF\"", \""low_current_interface_bandwidth\"": \""AUTO\""}]""","{""0"": 0.0, ""1"": 0.0, ""2"": 0.0, ""3"": 0.5, ""4"": 0.0}",asdc_data_031.csv,-5.325761934809716,,-0.6871495137655615,-0.4849026799201965,0.1113344579935074
31,32,corrosion,32,"[{""op"": ""set_flow"", ""rates"": {""NaCl"": 0.5}, ""hold_time"": 10}, {""op"": ""cv"", ""initial_potential"": 0.0, ""vertex_potential_1"": -1.0, ""vertex_potential_2"": 1.2, ""final_potential"": 0.0, ""scan_rate"": 0.075, ""cycles"": 2, ""current_range"": ""2MA""}]",-13.56,-18.08,0.06935868835449219,0.08364173889160156,0.01682691192626953,False,2020-03-12 10:00:03.478407,2020-03-12 10:02:34.051608,[],"[""set_flow"", ""cv""]","""[{\""initial_potential\"": 0.0, \""versus_initial\"": \""VS REF\"", \""vertex_potential_1\"": -1.0, \""versus_vertex_1\"": \""VS REF\"", \""vertex_hold_1\"": 0, \""acquire_data_during_vertex_hold_1\"": \""NO\"", \""vertex_potential_2\"": 1.2, \""versus_vertex_2\"": \""VS REF\"", \""vertex_hold_2\"": 0, \""acquire_data_during_vertex_hold_2\"": \""NO\"", \""scan_rate\"": 0.075, \""cycles\"": 2, \""limit_1_type\"": \""NONE\"", \""limit_1_direction\"": \""<\"", \""limit_1_value\"": 0, \""limit_2_type\"": \""NONE\"", \""limit_2_direction\"": \""<\"", \""limit_2_value\"": 0, \""current_range\"": \""2MA\"", \""electrometer\"": \""AUTO\"", \""e_filter\"": \""1HZ\"", \""i_filter\"": \""1HZ\"", \""leave_cell_on\"": \""NO\"", \""cell_to_use\"": \""EXTERNAL\"", \""enable_ir_compensation\"": \""DISABLED\"", \""user_defined_the_amount_of_ir_comp\"": 1, \""use_previously_determined_ir_comp\"": \""YES\"", \""bandwidth\"": \""AUTO\"", \""final_potential\"": 0.0, \""versus_final\"": \""VS REF\"", \""low_current_interface_bandwidth\"": \""AUTO\""}]""","{""0"": 0.0, ""1"": 0.0, ""2"": 0.0, ""3"": 0.5, ""4"": 0.0}",asdc_data_032.csv,-5.331439144176087,,-0.3399299608292812,-0.20825354754924771,0.4545388519763946
32,33,corrosion,33,"[{""op"": ""set_flow"", ""rates"": {""NaCl"": 0.5}, ""hold_time"": 10}, {""op"": ""cv"", ""initial_potential"": 0.0, ""vertex_potential_1"": -1.0, ""vertex_potential_2"": 1.2, ""final_potential"": 0.0, ""scan_rate"": 0.075, ""cycles"": 2, ""current_range"": ""2MA""}]",0.0,-13.56,0.06483879089355468,0.07008173370361329,0.016826961517333986,False,2020-03-12 10:04:09.228209,2020-03-12 10:06:39.769210,[],"[""set_flow"", ""cv""]","""[{\""initial_potential\"": 0.0, \""versus_initial\"": \""VS REF\"", \""vertex_potential_1\"": -1.0, \""versus_vertex_1\"": \""VS REF\"", \""vertex_hold_1\"": 0, \""acquire_data_during_vertex_hold_1\"": \""NO\"", \""vertex_potential_2\"": 1.2, \""versus_vertex_2\"": \""VS REF\"", \""vertex_hold_2\"": 0, \""acquire_data_during_vertex_hold_2\"": \""NO\"", \""scan_rate\"": 0.075, \""cycles\"": 2, \""limit_1_type\"": \""NONE\"", \""limit_1_direction\"": \""<\"", \""limit_1_value\"": 0, \""limit_2_type\"": \""NONE\"", \""limit_2_direction\"": \""<\"", \""limit_2_value\"": 0, \""current_range\"": \""2MA\"", \""electrometer\"": \""AUTO\"", \""e_filter\"": \""1HZ\"", \""i_filter\"": \""1HZ\"", \""leave_cell_on\"": \""NO\"", \""cell_to_use\"": \""EXTERNAL\"", \""enable_ir_compensation\"": \""DISABLED\"", \""user_defined_the_amount_of_ir_comp\"": 1, \""use_previously_determined_ir_comp\"": \""YES\"", \""bandwidth\"": \""AUTO\"", \""final_potential\"": 0.0, \""versus_final\"": \""VS REF\"", \""low_current_interface_bandwidth\"": \""AUTO\""}]""","{""0"": 0.0, ""1"": 0.0, ""2"": 0.0, ""3"": 0.5, ""4"": 0.0}",asdc_data_033.csv,-4.423372805370369,,0.1705287804600881,0.4891966581344605,0.8354681134223938
33,34,corrosion,34,"[{""op"": ""set_flow"", ""rates"": {""NaCl"": 0.5}, ""hold_time"": 10}, {""op"": ""cv"", ""initial_potential"": 0.0, ""vertex_potential_1"": -1.0, ""vertex_potential_2"": 1.2, ""final_potential"": 0.0, ""scan_rate"": 0.075, ""cycles"": 2, ""current_range"": ""2MA""}]",18.08,13.56,0.03771889114379883,0.05200178909301758,0.016827062606811525,False,2020-03-12 10:08:18.332010,2020-03-12 10:10:48.858411,[],"[""set_flow"", ""cv""]","""[{\""initial_potential\"": 0.0, \""versus_initial\"": \""VS REF\"", \""vertex_potential_1\"": -1.0, \""versus_vertex_1\"": \""VS REF\"", \""vertex_hold_1\"": 0, \""acquire_data_during_vertex_hold_1\"": \""NO\"", \""vertex_potential_2\"": 1.2, \""versus_vertex_2\"": \""VS REF\"", \""vertex_hold_2\"": 0, \""acquire_data_during_vertex_hold_2\"": \""NO\"", \""scan_rate\"": 0.075, \""cycles\"": 2, \""limit_1_type\"": \""NONE\"", \""limit_1_direction\"": \""<\"", \""limit_1_value\"": 0, \""limit_2_type\"": \""NONE\"", \""limit_2_direction\"": \""<\"", \""limit_2_value\"": 0, \""current_range\"": \""2MA\"", \""electrometer\"": \""AUTO\"", \""e_filter\"": \""1HZ\"", \""i_filter\"": \""1HZ\"", \""leave_cell_on\"": \""NO\"", \""cell_to_use\"": \""EXTERNAL\"", \""enable_ir_compensation\"": \""DISABLED\"", \""user_defined_the_amount_of_ir_comp\"": 1, \""use_previously_determined_ir_comp\"": \""YES\"", \""bandwidth\"": \""AUTO\"", \""final_potential\"": 0.0, \""versus_final\"": \""VS REF\"", \""low_current_interface_bandwidth\"": \""AUTO\""}]""","{""0"": 0.0, ""1"": 0.0, ""2"": 0.0, ""3"": 0.5, ""4"": 0.0}",asdc_data_034.csv,-5.243793889387652,,-0.10642703799101434,0.011961602605879309,0.4392035305500031
34,35,corrosion,35,"[{""op"": ""set_flow"", ""rates"": {""NaCl"": 0.5}, ""hold_time"": 10}, {""op"": ""cv"", ""initial_potential"": 0.0, ""vertex_potential_1"": -1.0, ""vertex_potential_2"": 1.2, ""final_potential"": 0.0, ""scan_rate"": 0.075, ""cycles"": 2, ""current_range"": ""2MA""}]",9.04,-13.56,0.06483859252929687,0.06104153823852539,0.016827312469482422,False,2020-03-12 10:12:27.278812,2020-03-12 10:14:57.852013,[],"[""set_flow"", ""cv""]","""[{\""initial_potential\"": 0.0, \""versus_initial\"": \""VS REF\"", \""vertex_potential_1\"": -1.0, \""versus_vertex_1\"": \""VS REF\"", \""vertex_hold_1\"": 0, \""acquire_data_during_vertex_hold_1\"": \""NO\"", \""vertex_potential_2\"": 1.2, \""versus_vertex_2\"": \""VS REF\"", \""vertex_hold_2\"": 0, \""acquire_data_during_vertex_hold_2\"": \""NO\"", \""scan_rate\"": 0.075, \""cycles\"": 2, \""limit_1_type\"": \""NONE\"", \""limit_1_direction\"": \""<\"", \""limit_1_value\"": 0, \""limit_2_type\"": \""NONE\"", \""limit_2_direction\"": \""<\"", \""limit_2_value\"": 0, \""current_range\"": \""2MA\"", \""electrometer\"": \""AUTO\"", \""e_filter\"": \""1HZ\"", \""i_filter\"": \""1HZ\"", \""leave_cell_on\"": \""NO\"", \""cell_to_use\"": \""EXTERNAL\"", \""enable_ir_compensation\"": \""DISABLED\"", \""user_defined_the_amount_of_ir_comp\"": 1, \""use_previously_determined_ir_comp\"": \""YES\"", \""bandwidth\"": \""AUTO\"", \""final_potential\"": 0.0, \""versus_final\"": \""VS REF\"", \""low_current_interface_bandwidth\"": \""AUTO\""}]""","{""0"": 0.0, ""1"": 0.0, ""2"": 0.0, ""3"": 0.5, ""4"": 0.0}",asdc_data_035.csv,-5.832053347910413,,-0.571666714229936,-0.4211077392101288,0.16194100677967072
35,36,corrosion,36,"[{""op"": ""set_flow"", ""rates"": {""NaCl"": 0.5}, ""hold_time"": 10}, {""op"": ""cv"", ""initial_potential"": 0.0, ""vertex_potential_1"": -1.0, ""vertex_potential_2"": 1.2, ""final_potential"": 0.0, ""scan_rate"": 0.075, ""cycles"": 2, ""current_range"": ""2MA""}]",9.04,13.56,0.03771889114379883,0.061041889190673826,0.016827312469482422,False,2020-03-12 10:16:35.930213,2020-03-12 10:19:05.441614,[],"[""set_flow"", ""cv""]","""[{\""initial_potential\"": 0.0, \""versus_initial\"": \""VS REF\"", \""vertex_potential_1\"": -1.0, \""versus_vertex_1\"": \""VS REF\"", \""vertex_hold_1\"": 0, \""acquire_data_during_vertex_hold_1\"": \""NO\"", \""vertex_potential_2\"": 1.2, \""versus_vertex_2\"": \""VS REF\"", \""vertex_hold_2\"": 0, \""acquire_data_during_vertex_hold_2\"": \""NO\"", \""scan_rate\"": 0.075, \""cycles\"": 2, \""limit_1_type\"": \""NONE\"", \""limit_1_direction\"": \""<\"", \""limit_1_value\"": 0, \""limit_2_type\"": \""NONE\"", \""limit_2_direction\"": \""<\"", \""limit_2_value\"": 0, \""current_range\"": \""2MA\"", \""electrometer\"": \""AUTO\"", \""e_filter\"": \""1HZ\"", \""i_filter\"": \""1HZ\"", \""leave_cell_on\"": \""NO\"", \""cell_to_use\"": \""EXTERNAL\"", \""enable_ir_compensation\"": \""DISABLED\"", \""user_defined_the_amount_of_ir_comp\"": 1, \""use_previously_determined_ir_comp\"": \""YES\"", \""bandwidth\"": \""AUTO\"", \""final_potential\"": 0.0, \""versus_final\"": \""VS REF\"", \""low_current_interface_bandwidth\"": \""AUTO\""}]""","{""0"": 0.0, ""1"": 0.0, ""2"": 0.0, ""3"": 0.5, ""4"": 0.0}",asdc_data_036.csv,-5.373404196447754,,-0.18770422504967074,0.014721959829330444,0.5005447864532471
36,37,corrosion,37,"[{""op"": ""set_flow"", ""rates"": {""NaCl"": 0.5}, ""hold_time"": 10}, {""op"": ""cv"", ""initial_potential"": 0.0, ""vertex_potential_1"": -1.0, ""vertex_potential_2"": 1.2, ""final_potential"": 0.0, ""scan_rate"": 0.075, ""cycles"": 2, ""current_range"": ""2MA""}]",-9.04,-31.64,0.08291873931884766,0.0791214370727539,0.016827411651611328,False,2020-03-12 10:20:47.405215,2020-03-12 10:23:18.011416,[],"[""set_flow"", ""cv""]","""[{\""initial_potential\"": 0.0, \""versus_initial\"": \""VS REF\"", \""vertex_potential_1\"": -1.0, \""versus_vertex_1\"": \""VS REF\"", \""vertex_hold_1\"": 0, \""acquire_data_during_vertex_hold_1\"": \""NO\"", \""vertex_potential_2\"": 1.2, \""versus_vertex_2\"": \""VS REF\"", \""vertex_hold_2\"": 0, \""acquire_data_during_vertex_hold_2\"": \""NO\"", \""scan_rate\"": 0.075, \""cycles\"": 2, \""limit_1_type\"": \""NONE\"", \""limit_1_direction\"": \""<\"", \""limit_1_value\"": 0, \""limit_2_type\"": \""NONE\"", \""limit_2_direction\"": \""<\"", \""limit_2_value\"": 0, \""current_range\"": \""2MA\"", \""electrometer\"": \""AUTO\"", \""e_filter\"": \""1HZ\"", \""i_filter\"": \""1HZ\"", \""leave_cell_on\"": \""NO\"", \""cell_to_use\"": \""EXTERNAL\"", \""enable_ir_compensation\"": \""DISABLED\"", \""user_defined_the_amount_of_ir_comp\"": 1, \""use_previously_determined_ir_comp\"": \""YES\"", \""bandwidth\"": \""AUTO\"", \""final_potential\"": 0.0, \""versus_final\"": \""VS REF\"", \""low_current_interface_bandwidth\"": \""AUTO\""}]""","{""0"": 0.0, ""1"": 0.0, ""2"": 0.0, ""3"": 0.5, ""4"": 0.0}",asdc_data_037.csv,-5.124118174723854,,-0.6560448120211412,-0.4579125046730042,0.2146944999694824
37,38,corrosion,38,"[{""op"": ""set_flow"", ""rates"": {""NaCl"": 0.5}, ""hold_time"": 10}, {""op"": ""cv"", ""initial_potential"": 0.0, ""vertex_potential_1"": -1.0, ""vertex_potential_2"": 1.2, ""final_potential"": 0.0, ""scan_rate"": 0.075, ""cycles"": 2, ""current_range"": ""2MA""}]",-18.08,-4.52,0.05579894256591797,0.0881619873046875,0.016827611923217772,False,2020-03-12 10:24:56.339217,2020-03-12 10:27:26.943618,[],"[""set_flow"", ""cv""]","""[{\""initial_potential\"": 0.0, \""versus_initial\"": \""VS REF\"", \""vertex_potential_1\"": -1.0, \""versus_vertex_1\"": \""VS REF\"", \""vertex_hold_1\"": 0, \""acquire_data_during_vertex_hold_1\"": \""NO\"", \""vertex_potential_2\"": 1.2, \""versus_vertex_2\"": \""VS REF\"", \""vertex_hold_2\"": 0, \""acquire_data_during_vertex_hold_2\"": \""NO\"", \""scan_rate\"": 0.075, \""cycles\"": 2, \""limit_1_type\"": \""NONE\"", \""limit_1_direction\"": \""<\"", \""limit_1_value\"": 0, \""limit_2_type\"": \""NONE\"", \""limit_2_direction\"": \""<\"", \""limit_2_value\"": 0, \""current_range\"": \""2MA\"", \""electrometer\"": \""AUTO\"", \""e_filter\"": \""1HZ\"", \""i_filter\"": \""1HZ\"", \""leave_cell_on\"": \""NO\"", \""cell_to_use\"": \""EXTERNAL\"", \""enable_ir_compensation\"": \""DISABLED\"", \""user_defined_the_amount_of_ir_comp\"": 1, \""use_previously_determined_ir_comp\"": \""YES\"", \""bandwidth\"": \""AUTO\"", \""final_potential\"": 0.0, \""versus_final\"": \""VS REF\"", \""low_current_interface_bandwidth\"": \""AUTO\""}]""","{""0"": 0.0, ""1"": 0.0, ""2"": 0.0, ""3"": 0.5, ""4"": 0.0}",asdc_data_038.csv,-4.989533287939501,,-0.8057174748257019,-0.6870221495628357,0.1294301301240921
38,39,corrosion,39,"[{""op"": ""set_flow"", ""rates"": {""NaCl"": 0.5}, ""hold_time"": 10}, {""op"": ""cv"", ""initial_potential"": 0.0, ""vertex_potential_1"": -1.0, ""vertex_potential_2"": 1.2, ""final_potential"": 0.0, ""scan_rate"": 0.075, ""cycles"": 2, ""current_range"": ""2MA""}]",-4.52,-27.12,0.07839859008789063,0.07460173797607422,0.016827762603759764,False,2020-03-12 10:29:04.226218,2020-03-12 10:31:34.782819,[],"[""set_flow"", ""cv""]","""[{\""initial_potential\"": 0.0, \""versus_initial\"": \""VS REF\"", \""vertex_potential_1\"": -1.0, \""versus_vertex_1\"": \""VS REF\"", \""vertex_hold_1\"": 0, \""acquire_data_during_vertex_hold_1\"": \""NO\"", \""vertex_potential_2\"": 1.2, \""versus_vertex_2\"": \""VS REF\"", \""vertex_hold_2\"": 0, \""acquire_data_during_vertex_hold_2\"": \""NO\"", \""scan_rate\"": 0.075, \""cycles\"": 2, \""limit_1_type\"": \""NONE\"", \""limit_1_direction\"": \""<\"", \""limit_1_value\"": 0, \""limit_2_type\"": \""NONE\"", \""limit_2_direction\"": \""<\"", \""limit_2_value\"": 0, \""current_range\"": \""2MA\"", \""electrometer\"": \""AUTO\"", \""e_filter\"": \""1HZ\"", \""i_filter\"": \""1HZ\"", \""leave_cell_on\"": \""NO\"", \""cell_to_use\"": \""EXTERNAL\"", \""enable_ir_compensation\"": \""DISABLED\"", \""user_defined_the_amount_of_ir_comp\"": 1, \""use_previously_determined_ir_comp\"": \""YES\"", \""bandwidth\"": \""AUTO\"", \""final_potential\"": 0.0, \""versus_final\"": \""VS REF\"", \""low_current_interface_bandwidth\"": \""AUTO\""}]""","{""0"": 0.0, ""1"": 0.0, ""2"": 0.0, ""3"": 0.5, ""4"": 0.0}",asdc_data_039.csv,-5.0999839340474225,,-0.729000254698118,-0.4910368025302887,0.322348415851593
39,40,corrosion,40,"[{""op"": ""set_flow"", ""rates"": {""NaCl"": 0.5}, ""hold_time"": 10}, {""op"": ""cv"", ""initial_potential"": 0.0, ""vertex_potential_1"": -1.0, ""vertex_potential_2"": 1.2, ""final_potential"": 0.0, ""scan_rate"": 0.075, ""cycles"": 2, ""current_range"": ""2MA""}]",0.0,22.6,0.028678794860839844,0.07008198547363281,0.016827911376953126,False,2020-03-12 10:33:17.764820,2020-03-12 10:35:48.354621,[],"[""set_flow"", ""cv""]","""[{\""initial_potential\"": 0.0, \""versus_initial\"": \""VS REF\"", \""vertex_potential_1\"": -1.0, \""versus_vertex_1\"": \""VS REF\"", \""vertex_hold_1\"": 0, \""acquire_data_during_vertex_hold_1\"": \""NO\"", \""vertex_potential_2\"": 1.2, \""versus_vertex_2\"": \""VS REF\"", \""vertex_hold_2\"": 0, \""acquire_data_during_vertex_hold_2\"": \""NO\"", \""scan_rate\"": 0.075, \""cycles\"": 2, \""limit_1_type\"": \""NONE\"", \""limit_1_direction\"": \""<\"", \""limit_1_value\"": 0, \""limit_2_type\"": \""NONE\"", \""limit_2_direction\"": \""<\"", \""limit_2_value\"": 0, \""current_range\"": \""2MA\"", \""electrometer\"": \""AUTO\"", \""e_filter\"": \""1HZ\"", \""i_filter\"": \""1HZ\"", \""leave_cell_on\"": \""NO\"", \""cell_to_use\"": \""EXTERNAL\"", \""enable_ir_compensation\"": \""DISABLED\"", \""user_defined_the_amount_of_ir_comp\"": 1, \""use_previously_determined_ir_comp\"": \""YES\"", \""bandwidth\"": \""AUTO\"", \""final_potential\"": 0.0, \""versus_final\"": \""VS REF\"", \""low_current_interface_bandwidth\"": \""AUTO\""}]""","{""0"": 0.0, ""1"": 0.0, ""2"": 0.0, ""3"": 0.5, ""4"": 0.0}",asdc_data_040.csv,-5.43410292220421,,-0.7725931603216775,-0.6143327355384827,0.1601007580757141
40,41,corrosion,41,"[{""op"": ""set_flow"", ""rates"": {""NaCl"": 0.5}, ""hold_time"": 10}, {""op"": ""cv"", ""initial_potential"": 0.0, ""vertex_potential_1"": -1.0, ""vertex_potential_2"": 1.2, ""final_potential"": 0.0, ""scan_rate"": 0.075, ""cycles"": 2, ""current_range"": ""2MA""}]",31.64,9.04,0.042238491058349606,0.038441642761230466,0.016828012466430665,False,2020-03-12 10:37:27.556021,2020-03-12 10:39:58.144822,[],"[""set_flow"", ""cv""]","""[{\""initial_potential\"": 0.0, \""versus_initial\"": \""VS REF\"", \""vertex_potential_1\"": -1.0, \""versus_vertex_1\"": \""VS REF\"", \""vertex_hold_1\"": 0, \""acquire_data_during_vertex_hold_1\"": \""NO\"", \""vertex_potential_2\"": 1.2, \""versus_vertex_2\"": \""VS REF\"", \""vertex_hold_2\"": 0, \""acquire_data_during_vertex_hold_2\"": \""NO\"", \""scan_rate\"": 0.075, \""cycles\"": 2, \""limit_1_type\"": \""NONE\"", \""limit_1_direction\"": \""<\"", \""limit_1_value\"": 0, \""limit_2_type\"": \""NONE\"", \""limit_2_direction\"": \""<\"", \""limit_2_value\"": 0, \""current_range\"": \""2MA\"", \""electrometer\"": \""AUTO\"", \""e_filter\"": \""1HZ\"", \""i_filter\"": \""1HZ\"", \""leave_cell_on\"": \""NO\"", \""cell_to_use\"": \""EXTERNAL\"", \""enable_ir_compensation\"": \""DISABLED\"", \""user_defined_the_amount_of_ir_comp\"": 1, \""use_previously_determined_ir_comp\"": \""YES\"", \""bandwidth\"": \""AUTO\"", \""final_potential\"": 0.0, \""versus_final\"": \""VS REF\"", \""low_current_interface_bandwidth\"": \""AUTO\""}]""","{""0"": 0.0, ""1"": 0.0, ""2"": 0.0, ""3"": 0.5, ""4"": 0.0}",asdc_data_041.csv,-4.969211577319625,,-0.4315357527106858,-0.20303954184055328,0.12666977941989901
41,42,corrosion,42,"[{""op"": ""set_flow"", ""rates"": {""NaCl"": 0.5}, ""hold_time"": 10}, {""op"": ""cv"", ""initial_potential"": 0.0, ""vertex_potential_1"": -1.0, ""vertex_potential_2"": 1.2, ""final_potential"": 0.0, ""scan_rate"": 0.075, ""cycles"": 2, ""current_range"": ""2MA""}]",-22.6,9.04,0.04223904418945312,0.09268158721923828,0.016828161239624023,False,2020-03-12 10:41:41.807823,2020-03-12 10:44:12.395624,[],"[""set_flow"", ""cv""]","""[{\""initial_potential\"": 0.0, \""versus_initial\"": \""VS REF\"", \""vertex_potential_1\"": -1.0, \""versus_vertex_1\"": \""VS REF\"", \""vertex_hold_1\"": 0, \""acquire_data_during_vertex_hold_1\"": \""NO\"", \""vertex_potential_2\"": 1.2, \""versus_vertex_2\"": \""VS REF\"", \""vertex_hold_2\"": 0, \""acquire_data_during_vertex_hold_2\"": \""NO\"", \""scan_rate\"": 0.075, \""cycles\"": 2, \""limit_1_type\"": \""NONE\"", \""limit_1_direction\"": \""<\"", \""limit_1_value\"": 0, \""limit_2_type\"": \""NONE\"", \""limit_2_direction\"": \""<\"", \""limit_2_value\"": 0, \""current_range\"": \""2MA\"", \""electrometer\"": \""AUTO\"", \""e_filter\"": \""1HZ\"", \""i_filter\"": \""1HZ\"", \""leave_cell_on\"": \""NO\"", \""cell_to_use\"": \""EXTERNAL\"", \""enable_ir_compensation\"": \""DISABLED\"", \""user_defined_the_amount_of_ir_comp\"": 1, \""use_previously_determined_ir_comp\"": \""YES\"", \""bandwidth\"": \""AUTO\"", \""final_potential\"": 0.0, \""versus_final\"": \""VS REF\"", \""low_current_interface_bandwidth\"": \""AUTO\""}]""","{""0"": 0.0, ""1"": 0.0, ""2"": 0.0, ""3"": 0.5, ""4"": 0.0}",asdc_data_042.csv,-4.835672028273295,,-0.8603111493276907,-0.6778209805488586,0.2892241477966309
42,43,corrosion,43,"[{""op"": ""set_flow"", ""rates"": {""NaCl"": 0.5}, ""hold_time"": 10}, {""op"": ""cv"", ""initial_potential"": 0.0, ""vertex_potential_1"": -1.0, ""vertex_potential_2"": 1.2, ""final_potential"": 0.0, ""scan_rate"": 0.075, ""cycles"": 2, ""current_range"": ""2MA""}]",9.04,31.64,0.019638545989990236,0.06104183959960938,0.016828262329101562,False,2020-03-12 10:45:51.738425,2020-03-12 10:48:21.249826,[],"[""set_flow"", ""cv""]","""[{\""initial_potential\"": 0.0, \""versus_initial\"": \""VS REF\"", \""vertex_potential_1\"": -1.0, \""versus_vertex_1\"": \""VS REF\"", \""vertex_hold_1\"": 0, \""acquire_data_during_vertex_hold_1\"": \""NO\"", \""vertex_potential_2\"": 1.2, \""versus_vertex_2\"": \""VS REF\"", \""vertex_hold_2\"": 0, \""acquire_data_during_vertex_hold_2\"": \""NO\"", \""scan_rate\"": 0.075, \""cycles\"": 2, \""limit_1_type\"": \""NONE\"", \""limit_1_direction\"": \""<\"", \""limit_1_value\"": 0, \""limit_2_type\"": \""NONE\"", \""limit_2_direction\"": \""<\"", \""limit_2_value\"": 0, \""current_range\"": \""2MA\"", \""electrometer\"": \""AUTO\"", \""e_filter\"": \""1HZ\"", \""i_filter\"": \""1HZ\"", \""leave_cell_on\"": \""NO\"", \""cell_to_use\"": \""EXTERNAL\"", \""enable_ir_compensation\"": \""DISABLED\"", \""user_defined_the_amount_of_ir_comp\"": 1, \""use_previously_determined_ir_comp\"": \""YES\"", \""bandwidth\"": \""AUTO\"", \""final_potential\"": 0.0, \""versus_final\"": \""VS REF\"", \""low_current_interface_bandwidth\"": \""AUTO\""}]""","{""0"": 0.0, ""1"": 0.0, ""2"": 0.0, ""3"": 0.5, ""4"": 0.0}",asdc_data_043.csv,-5.280293431531852,,-0.7771936860325867,-0.5637261867523193,0.3511788249015808
43,44,corrosion,44,"[{""op"": ""set_flow"", ""rates"": {""NaCl"": 0.5}, ""hold_time"": 10}, {""op"": ""cv"", ""initial_potential"": 0.0, ""vertex_potential_1"": -1.0, ""vertex_potential_2"": 1.2, ""final_potential"": 0.0, ""scan_rate"": 0.075, ""cycles"": 2, ""current_range"": ""2MA""}]",-22.6,-18.08,0.06935854339599609,0.09268153381347656,0.01682841110229492,False,2020-03-12 10:50:04.195226,2020-03-12 10:52:34.707027,[],"[""set_flow"", ""cv""]","""[{\""initial_potential\"": 0.0, \""versus_initial\"": \""VS REF\"", \""vertex_potential_1\"": -1.0, \""versus_vertex_1\"": \""VS REF\"", \""vertex_hold_1\"": 0, \""acquire_data_during_vertex_hold_1\"": \""NO\"", \""vertex_potential_2\"": 1.2, \""versus_vertex_2\"": \""VS REF\"", \""vertex_hold_2\"": 0, \""acquire_data_during_vertex_hold_2\"": \""NO\"", \""scan_rate\"": 0.075, \""cycles\"": 2, \""limit_1_type\"": \""NONE\"", \""limit_1_direction\"": \""<\"", \""limit_1_value\"": 0, \""limit_2_type\"": \""NONE\"", \""limit_2_direction\"": \""<\"", \""limit_2_value\"": 0, \""current_range\"": \""2MA\"", \""electrometer\"": \""AUTO\"", \""e_filter\"": \""1HZ\"", \""i_filter\"": \""1HZ\"", \""leave_cell_on\"": \""NO\"", \""cell_to_use\"": \""EXTERNAL\"", \""enable_ir_compensation\"": \""DISABLED\"", \""user_defined_the_amount_of_ir_comp\"": 1, \""use_previously_determined_ir_comp\"": \""YES\"", \""bandwidth\"": \""AUTO\"", \""final_potential\"": 0.0, \""versus_final\"": \""VS REF\"", \""low_current_interface_bandwidth\"": \""AUTO\""}]""","{""0"": 0.0, ""1"": 0.0, ""2"": 0.0, ""3"": 0.5, ""4"": 0.0}",asdc_data_044.csv,-4.697700759238864,,-0.8388418152929773,-0.6250674724578857,0.31621429324150085
44,45,corrosion,45,"[{""op"": ""set_flow"", ""rates"": {""NaCl"": 0.5}, ""hold_time"": 10}, {""op"": ""cv"", ""initial_potential"": 0.0, ""vertex_potential_1"": -1.0, ""vertex_potential_2"": 1.2, ""final_potential"": 0.0, ""scan_rate"": 0.075, ""cycles"": 2, ""current_range"": ""2MA""}]",-27.12,-4.52,0.05579909133911133,0.09720168304443359,0.01682866096496582,False,2020-03-12 10:54:10.257028,2020-03-12 10:56:40.800029,[],"[""set_flow"", ""cv""]","""[{\""initial_potential\"": 0.0, \""versus_initial\"": \""VS REF\"", \""vertex_potential_1\"": -1.0, \""versus_vertex_1\"": \""VS REF\"", \""vertex_hold_1\"": 0, \""acquire_data_during_vertex_hold_1\"": \""NO\"", \""vertex_potential_2\"": 1.2, \""versus_vertex_2\"": \""VS REF\"", \""vertex_hold_2\"": 0, \""acquire_data_during_vertex_hold_2\"": \""NO\"", \""scan_rate\"": 0.075, \""cycles\"": 2, \""limit_1_type\"": \""NONE\"", \""limit_1_direction\"": \""<\"", \""limit_1_value\"": 0, \""limit_2_type\"": \""NONE\"", \""limit_2_direction\"": \""<\"", \""limit_2_value\"": 0, \""current_range\"": \""2MA\"", \""electrometer\"": \""AUTO\"", \""e_filter\"": \""1HZ\"", \""i_filter\"": \""1HZ\"", \""leave_cell_on\"": \""NO\"", \""cell_to_use\"": \""EXTERNAL\"", \""enable_ir_compensation\"": \""DISABLED\"", \""user_defined_the_amount_of_ir_comp\"": 1, \""use_previously_determined_ir_comp\"": \""YES\"", \""bandwidth\"": \""AUTO\"", \""final_potential\"": 0.0, \""versus_final\"": \""VS REF\"", \""low_current_interface_bandwidth\"": \""AUTO\""}]""","{""0"": 0.0, ""1"": 0.0, ""2"": 0.0, ""3"": 0.5, ""4"": 0.0}",asdc_data_045.csv,-4.71256147701465,,-0.8606179515003224,-0.6756740212440491,0.33553677797317505
45,46,corrosion,46,"[{""op"": ""set_flow"", ""rates"": {""NaCl"": 0.5}, ""hold_time"": 10}, {""op"": ""cv"", ""initial_potential"": 0.0, ""vertex_potential_1"": -1.0, ""vertex_potential_2"": 1.2, ""final_potential"": 0.0, ""scan_rate"": 0.075, ""cycles"": 2, ""current_range"": ""2MA""}]",-22.6,18.08,0.03319894409179688,0.09268178558349609,0.01682891082763672,False,2020-03-12 10:58:18.269829,2020-03-12 11:00:48.809830,[],"[""set_flow"", ""cv""]","""[{\""initial_potential\"": 0.0, \""versus_initial\"": \""VS REF\"", \""vertex_potential_1\"": -1.0, \""versus_vertex_1\"": \""VS REF\"", \""vertex_hold_1\"": 0, \""acquire_data_during_vertex_hold_1\"": \""NO\"", \""vertex_potential_2\"": 1.2, \""versus_vertex_2\"": \""VS REF\"", \""vertex_hold_2\"": 0, \""acquire_data_during_vertex_hold_2\"": \""NO\"", \""scan_rate\"": 0.075, \""cycles\"": 2, \""limit_1_type\"": \""NONE\"", \""limit_1_direction\"": \""<\"", \""limit_1_value\"": 0, \""limit_2_type\"": \""NONE\"", \""limit_2_direction\"": \""<\"", \""limit_2_value\"": 0, \""current_range\"": \""2MA\"", \""electrometer\"": \""AUTO\"", \""e_filter\"": \""1HZ\"", \""i_filter\"": \""1HZ\"", \""leave_cell_on\"": \""NO\"", \""cell_to_use\"": \""EXTERNAL\"", \""enable_ir_compensation\"": \""DISABLED\"", \""user_defined_the_amount_of_ir_comp\"": 1, \""use_previously_determined_ir_comp\"": \""YES\"", \""bandwidth\"": \""AUTO\"", \""final_potential\"": 0.0, \""versus_final\"": \""VS REF\"", \""low_current_interface_bandwidth\"": \""AUTO\""}]""","{""0"": 0.0, ""1"": 0.0, ""2"": 0.0, ""3"": 0.5, ""4"": 0.0}",asdc_data_046.csv,-4.919993306279115,,-0.8649115701185504,-0.6710734367370605,0.22972311079502106
46,47,corrosion,47,"[{""op"": ""set_flow"", ""rates"": {""NaCl"": 0.5}, ""hold_time"": 10}, {""op"": ""cv"", ""initial_potential"": 0.0, ""vertex_potential_1"": -1.0, ""vertex_potential_2"": 1.2, ""final_potential"": 0.0, ""scan_rate"": 0.075, ""cycles"": 2, ""current_range"": ""2MA""}]",0.0,31.64,0.019638647079467775,0.070081787109375,0.01682906150817871,False,2020-03-12 11:02:26.250431,2020-03-12 11:04:55.761832,[],"[""set_flow"", ""cv""]","""[{\""initial_potential\"": 0.0, \""versus_initial\"": \""VS REF\"", \""vertex_potential_1\"": -1.0, \""versus_vertex_1\"": \""VS REF\"", \""vertex_hold_1\"": 0, \""acquire_data_during_vertex_hold_1\"": \""NO\"", \""vertex_potential_2\"": 1.2, \""versus_vertex_2\"": \""VS REF\"", \""vertex_hold_2\"": 0, \""acquire_data_during_vertex_hold_2\"": \""NO\"", \""scan_rate\"": 0.075, \""cycles\"": 2, \""limit_1_type\"": \""NONE\"", \""limit_1_direction\"": \""<\"", \""limit_1_value\"": 0, \""limit_2_type\"": \""NONE\"", \""limit_2_direction\"": \""<\"", \""limit_2_value\"": 0, \""current_range\"": \""2MA\"", \""electrometer\"": \""AUTO\"", \""e_filter\"": \""1HZ\"", \""i_filter\"": \""1HZ\"", \""leave_cell_on\"": \""NO\"", \""cell_to_use\"": \""EXTERNAL\"", \""enable_ir_compensation\"": \""DISABLED\"", \""user_defined_the_amount_of_ir_comp\"": 1, \""use_previously_determined_ir_comp\"": \""YES\"", \""bandwidth\"": \""AUTO\"", \""final_potential\"": 0.0, \""versus_final\"": \""VS REF\"", \""low_current_interface_bandwidth\"": \""AUTO\""}]""","{""0"": 0.0, ""1"": 0.0, ""2"": 0.0, ""3"": 0.5, ""4"": 0.0}",asdc_data_047.csv,-5.298438453203797,,-0.8302539890543108,-0.6894757747650146,-0.12237577140331267
47,48,corrosion,48,"[{""op"": ""set_flow"", ""rates"": {""NaCl"": 0.5}, ""hold_time"": 10}, {""op"": ""cv"", ""initial_potential"": 0.0, ""vertex_potential_1"": -1.0, ""vertex_potential_2"": 1.2, ""final_potential"": 0.0, ""scan_rate"": 0.075, ""cycles"": 2, ""current_range"": ""2MA""}]",27.12,13.56,0.03771844482421875,0.04296174240112305,0.01682916259765625,False,2020-03-12 11:06:34.260233,2020-03-12 11:09:04.803234,[],"[""set_flow"", ""cv""]","""[{\""initial_potential\"": 0.0, \""versus_initial\"": \""VS REF\"", \""vertex_potential_1\"": -1.0, \""versus_vertex_1\"": \""VS REF\"", \""vertex_hold_1\"": 0, \""acquire_data_during_vertex_hold_1\"": \""NO\"", \""vertex_potential_2\"": 1.2, \""versus_vertex_2\"": \""VS REF\"", \""vertex_hold_2\"": 0, \""acquire_data_during_vertex_hold_2\"": \""NO\"", \""scan_rate\"": 0.075, \""cycles\"": 2, \""limit_1_type\"": \""NONE\"", \""limit_1_direction\"": \""<\"", \""limit_1_value\"": 0, \""limit_2_type\"": \""NONE\"", \""limit_2_direction\"": \""<\"", \""limit_2_value\"": 0, \""current_range\"": \""2MA\"", \""electrometer\"": \""AUTO\"", \""e_filter\"": \""1HZ\"", \""i_filter\"": \""1HZ\"", \""leave_cell_on\"": \""NO\"", \""cell_to_use\"": \""EXTERNAL\"", \""enable_ir_compensation\"": \""DISABLED\"", \""user_defined_the_amount_of_ir_comp\"": 1, \""use_previously_determined_ir_comp\"": \""YES\"", \""bandwidth\"": \""AUTO\"", \""final_potential\"": 0.0, \""versus_final\"": \""VS REF\"", \""low_current_interface_bandwidth\"": \""AUTO\""}]""","{""0"": 0.0, ""1"": 0.0, ""2"": 0.0, ""3"": 0.5, ""4"": 0.0}",asdc_data_048.csv,-5.559043993065025,,-0.7486700394519014,-0.6382558345794678,-0.17911644279956818
48,49,corrosion,49,"[{""op"": ""set_flow"", ""rates"": {""NaCl"": 0.5}, ""hold_time"": 10}, {""op"": ""cv"", ""initial_potential"": 0.0, ""vertex_potential_1"": -1.0, ""vertex_potential_2"": 1.2, ""final_potential"": 0.0, ""scan_rate"": 0.075, ""cycles"": 2, ""current_range"": ""2MA""}]",-18.08,22.6,0.028679143905639647,0.08816153717041016,0.016829261779785155,False,2020-03-12 11:10:47.826634,2020-03-12 11:13:18.366635,[],"[""set_flow"", ""cv""]","""[{\""initial_potential\"": 0.0, \""versus_initial\"": \""VS REF\"", \""vertex_potential_1\"": -1.0, \""versus_vertex_1\"": \""VS REF\"", \""vertex_hold_1\"": 0, \""acquire_data_during_vertex_hold_1\"": \""NO\"", \""vertex_potential_2\"": 1.2, \""versus_vertex_2\"": \""VS REF\"", \""vertex_hold_2\"": 0, \""acquire_data_during_vertex_hold_2\"": \""NO\"", \""scan_rate\"": 0.075, \""cycles\"": 2, \""limit_1_type\"": \""NONE\"", \""limit_1_direction\"": \""<\"", \""limit_1_value\"": 0, \""limit_2_type\"": \""NONE\"", \""limit_2_direction\"": \""<\"", \""limit_2_value\"": 0, \""current_range\"": \""2MA\"", \""electrometer\"": \""AUTO\"", \""e_filter\"": \""1HZ\"", \""i_filter\"": \""1HZ\"", \""leave_cell_on\"": \""NO\"", \""cell_to_use\"": \""EXTERNAL\"", \""enable_ir_compensation\"": \""DISABLED\"", \""user_defined_the_amount_of_ir_comp\"": 1, \""use_previously_determined_ir_comp\"": \""YES\"", \""bandwidth\"": \""AUTO\"", \""final_potential\"": 0.0, \""versus_final\"": \""VS REF\"", \""low_current_interface_bandwidth\"": \""AUTO\""}]""","{""0"": 0.0, ""1"": 0.0, ""2"": 0.0, ""3"": 0.5, ""4"": 0.0}",asdc_data_049.csv,-4.964276328253504,,-0.864911737245804,-0.6934629678726196,0.31805452704429626
49,50,corrosion,50,"[{""op"": ""set_flow"", ""rates"": {""NaCl"": 0.5}, ""hold_time"": 10}, {""op"": ""cv"", ""initial_potential"": 0.0, ""vertex_potential_1"": -1.0, ""vertex_potential_2"": 1.2, ""final_potential"": 0.0, ""scan_rate"": 0.075, ""cycles"": 2, ""current_range"": ""2MA""}]",0.0,-22.6,0.07387848663330078,0.070081787109375,0.017277111053466798,False,2020-03-12 11:29:19.615841,2020-03-12 11:31:50.202642,[],"[""set_flow"", ""cv""]","""[{\""initial_potential\"": 0.0, \""versus_initial\"": \""VS REF\"", \""vertex_potential_1\"": -1.0, \""versus_vertex_1\"": \""VS REF\"", \""vertex_hold_1\"": 0, \""acquire_data_during_vertex_hold_1\"": \""NO\"", \""vertex_potential_2\"": 1.2, \""versus_vertex_2\"": \""VS REF\"", \""vertex_hold_2\"": 0, \""acquire_data_during_vertex_hold_2\"": \""NO\"", \""scan_rate\"": 0.075, \""cycles\"": 2, \""limit_1_type\"": \""NONE\"", \""limit_1_direction\"": \""<\"", \""limit_1_value\"": 0, \""limit_2_type\"": \""NONE\"", \""limit_2_direction\"": \""<\"", \""limit_2_value\"": 0, \""current_range\"": \""2MA\"", \""electrometer\"": \""AUTO\"", \""e_filter\"": \""1HZ\"", \""i_filter\"": \""1HZ\"", \""leave_cell_on\"": \""NO\"", \""cell_to_use\"": \""EXTERNAL\"", \""enable_ir_compensation\"": \""DISABLED\"", \""user_defined_the_amount_of_ir_comp\"": 1, \""use_previously_determined_ir_comp\"": \""YES\"", \""bandwidth\"": \""AUTO\"", \""final_potential\"": 0.0, \""versus_final\"": \""VS REF\"", \""low_current_interface_bandwidth\"": \""AUTO\""}]""","{""0"": 0.0, ""1"": 0.0, ""2"": 0.0, ""3"": 0.5, ""4"": 0.0}",asdc_data_050.csv,-4.467173191330709,,-0.6956099014567921,-0.4717142879962921,0.31130698323249817
50,51,corrosion,51,"[{""op"": ""set_flow"", ""rates"": {""NaCl"": 0.5}, ""hold_time"": 10}, {""op"": ""cv"", ""initial_potential"": 0.0, ""vertex_potential_1"": -1.0, ""vertex_potential_2"": 1.2, ""final_potential"": 0.0, ""scan_rate"": 0.075, ""cycles"": 2, ""current_range"": ""2MA""}]",4.52,27.12,0.024158645629882812,0.0655619354248047,0.01727701187133789,False,2020-03-12 11:33:32.899443,2020-03-12 11:36:02.411844,[],"[""set_flow"", ""cv""]","""[{\""initial_potential\"": 0.0, \""versus_initial\"": \""VS REF\"", \""vertex_potential_1\"": -1.0, \""versus_vertex_1\"": \""VS REF\"", \""vertex_hold_1\"": 0, \""acquire_data_during_vertex_hold_1\"": \""NO\"", \""vertex_potential_2\"": 1.2, \""versus_vertex_2\"": \""VS REF\"", \""vertex_hold_2\"": 0, \""acquire_data_during_vertex_hold_2\"": \""NO\"", \""scan_rate\"": 0.075, \""cycles\"": 2, \""limit_1_type\"": \""NONE\"", \""limit_1_direction\"": \""<\"", \""limit_1_value\"": 0, \""limit_2_type\"": \""NONE\"", \""limit_2_direction\"": \""<\"", \""limit_2_value\"": 0, \""current_range\"": \""2MA\"", \""electrometer\"": \""AUTO\"", \""e_filter\"": \""1HZ\"", \""i_filter\"": \""1HZ\"", \""leave_cell_on\"": \""NO\"", \""cell_to_use\"": \""EXTERNAL\"", \""enable_ir_compensation\"": \""DISABLED\"", \""user_defined_the_amount_of_ir_comp\"": 1, \""use_previously_determined_ir_comp\"": \""YES\"", \""bandwidth\"": \""AUTO\"", \""final_potential\"": 0.0, \""versus_final\"": \""VS REF\"", \""low_current_interface_bandwidth\"": \""AUTO\""}]""","{""0"": 0.0, ""1"": 0.0, ""2"": 0.0, ""3"": 0.5, ""4"": 0.0}",asdc_data_051.csv,-4.997405944660336,,-0.8170655988712002,-0.6741404533386229,-0.2607003450393677
51,52,corrosion,52,"[{""op"": ""set_flow"", ""rates"": {""NaCl"": 0.5}, ""hold_time"": 10}, {""op"": ""cv"", ""initial_potential"": 0.0, ""vertex_potential_1"": -1.0, ""vertex_potential_2"": 1.2, ""final_potential"": 0.0, ""scan_rate"": 0.075, ""cycles"": 2, ""current_range"": ""2MA""}]",-4.52,18.08,0.033198444366455075,0.0746016845703125,0.01727691078186035,False,2020-03-12 11:37:37.041445,2020-03-12 11:40:07.692646,[],"[""set_flow"", ""cv""]","""[{\""initial_potential\"": 0.0, \""versus_initial\"": \""VS REF\"", \""vertex_potential_1\"": -1.0, \""versus_vertex_1\"": \""VS REF\"", \""vertex_hold_1\"": 0, \""acquire_data_during_vertex_hold_1\"": \""NO\"", \""vertex_potential_2\"": 1.2, \""versus_vertex_2\"": \""VS REF\"", \""vertex_hold_2\"": 0, \""acquire_data_during_vertex_hold_2\"": \""NO\"", \""scan_rate\"": 0.075, \""cycles\"": 2, \""limit_1_type\"": \""NONE\"", \""limit_1_direction\"": \""<\"", \""limit_1_value\"": 0, \""limit_2_type\"": \""NONE\"", \""limit_2_direction\"": \""<\"", \""limit_2_value\"": 0, \""current_range\"": \""2MA\"", \""electrometer\"": \""AUTO\"", \""e_filter\"": \""1HZ\"", \""i_filter\"": \""1HZ\"", \""leave_cell_on\"": \""NO\"", \""cell_to_use\"": \""EXTERNAL\"", \""enable_ir_compensation\"": \""DISABLED\"", \""user_defined_the_amount_of_ir_comp\"": 1, \""use_previously_determined_ir_comp\"": \""YES\"", \""bandwidth\"": \""AUTO\"", \""final_potential\"": 0.0, \""versus_final\"": \""VS REF\"", \""low_current_interface_bandwidth\"": \""AUTO\""}]""","{""0"": 0.0, ""1"": 0.0, ""2"": 0.0, ""3"": 0.5, ""4"": 0.0}",asdc_data_052.csv,-4.69903092681147,,-0.8506327062307608,-0.6778209805488586,0.2809430658817291
52,53,corrosion,53,"[{""op"": ""set_flow"", ""rates"": {""NaCl"": 0.5}, ""hold_time"": 10}, {""op"": ""cv"", ""initial_potential"": 0.0, ""vertex_potential_1"": -1.0, ""vertex_potential_2"": 1.2, ""final_potential"": 0.0, ""scan_rate"": 0.075, ""cycles"": 2, ""current_range"": ""2MA""}]",22.6,-18.08,0.06935848999023438,0.047481842041015625,0.017276811599731445,False,2020-03-12 11:41:49.921446,2020-03-12 11:44:19.447447,[],"[""set_flow"", ""cv""]","""[{\""initial_potential\"": 0.0, \""versus_initial\"": \""VS REF\"", \""vertex_potential_1\"": -1.0, \""versus_vertex_1\"": \""VS REF\"", \""vertex_hold_1\"": 0, \""acquire_data_during_vertex_hold_1\"": \""NO\"", \""vertex_potential_2\"": 1.2, \""versus_vertex_2\"": \""VS REF\"", \""vertex_hold_2\"": 0, \""acquire_data_during_vertex_hold_2\"": \""NO\"", \""scan_rate\"": 0.075, \""cycles\"": 2, \""limit_1_type\"": \""NONE\"", \""limit_1_direction\"": \""<\"", \""limit_1_value\"": 0, \""limit_2_type\"": \""NONE\"", \""limit_2_direction\"": \""<\"", \""limit_2_value\"": 0, \""current_range\"": \""2MA\"", \""electrometer\"": \""AUTO\"", \""e_filter\"": \""1HZ\"", \""i_filter\"": \""1HZ\"", \""leave_cell_on\"": \""NO\"", \""cell_to_use\"": \""EXTERNAL\"", \""enable_ir_compensation\"": \""DISABLED\"", \""user_defined_the_amount_of_ir_comp\"": 1, \""use_previously_determined_ir_comp\"": \""YES\"", \""bandwidth\"": \""AUTO\"", \""final_potential\"": 0.0, \""versus_final\"": \""VS REF\"", \""low_current_interface_bandwidth\"": \""AUTO\""}]""","{""0"": 0.0, ""1"": 0.0, ""2"": 0.0, ""3"": 0.5, ""4"": 0.0}",asdc_data_053.csv,-3.9682179013670296,,-0.2933647821490223,0.036804817616939545,0.5272282361984253
53,54,corrosion,54,"[{""op"": ""set_flow"", ""rates"": {""NaCl"": 0.5}, ""hold_time"": 10}, {""op"": ""cv"", ""initial_potential"": 0.0, ""vertex_potential_1"": -1.0, ""vertex_potential_2"": 1.2, ""final_potential"": 0.0, ""scan_rate"": 0.075, ""cycles"": 2, ""current_range"": ""2MA""}]",4.52,18.08,0.03319884490966797,0.06556163787841797,0.017276660919189453,False,2020-03-12 11:45:59.835448,2020-03-12 11:48:30.361849,[],"[""set_flow"", ""cv""]","""[{\""initial_potential\"": 0.0, \""versus_initial\"": \""VS REF\"", \""vertex_potential_1\"": -1.0, \""versus_vertex_1\"": \""VS REF\"", \""vertex_hold_1\"": 0, \""acquire_data_during_vertex_hold_1\"": \""NO\"", \""vertex_potential_2\"": 1.2, \""versus_vertex_2\"": \""VS REF\"", \""vertex_hold_2\"": 0, \""acquire_data_during_vertex_hold_2\"": \""NO\"", \""scan_rate\"": 0.075, \""cycles\"": 2, \""limit_1_type\"": \""NONE\"", \""limit_1_direction\"": \""<\"", \""limit_1_value\"": 0, \""limit_2_type\"": \""NONE\"", \""limit_2_direction\"": \""<\"", \""limit_2_value\"": 0, \""current_range\"": \""2MA\"", \""electrometer\"": \""AUTO\"", \""e_filter\"": \""1HZ\"", \""i_filter\"": \""1HZ\"", \""leave_cell_on\"": \""NO\"", \""cell_to_use\"": \""EXTERNAL\"", \""enable_ir_compensation\"": \""DISABLED\"", \""user_defined_the_amount_of_ir_comp\"": 1, \""use_previously_determined_ir_comp\"": \""YES\"", \""bandwidth\"": \""AUTO\"", \""final_potential\"": 0.0, \""versus_final\"": \""VS REF\"", \""low_current_interface_bandwidth\"": \""AUTO\""}]""","{""0"": 0.0, ""1"": 0.0, ""2"": 0.0, ""3"": 0.5, ""4"": 0.0}",asdc_data_054.csv,-4.502978094320127,,-0.7968229754118619,-0.7155458331108093,-0.3306293785572052
