,id,intent,experiment_id,instructions,x_combi,y_combi,x_versa,y_versa,z_versa,flag,timestamp_start,timestamp,error_codes,measurement,parameters,flow_setpoint,datafile,Voc,Ipass,Vpass,Vtp,slope
0,1,corrosion,1,"[{""op"": ""set_flow"", ""rates"": {""NaCl"": 1.0}, ""hold_time"": 10}, {""op"": ""cv"", ""initial_potential"": 0.0, ""vertex_potential_1"": -1.0, ""vertex_potential_2"": 1.2, ""final_potential"": 0.0, ""scan_rate"": 0.075, ""cycles"": 2, ""current_range"": ""2MA""}]",-27.12,13.56,0.037718643188476564,0.09720173645019531,0.017027961730957032,False,2020-03-11 16:35:36.740606,2020-03-11 16:38:05.175607,[],"[""set_flow"", ""cv""]","""[{\""initial_potential\"": 0.0, \""versus_initial\"": \""VS REF\"", \""vertex_potential_1\"": -1.0, \""versus_vertex_1\"": \""VS REF\"", \""vertex_hold_1\"": 0, \""acquire_data_during_vertex_hold_1\"": \""NO\"", \""vertex_potential_2\"": 1.2, \""versus_vertex_2\"": \""VS REF\"", \""vertex_hold_2\"": 0, \""acquire_data_during_vertex_hold_2\"": \""NO\"", \""scan_rate\"": 0.075, \""cycles\"": 2, \""limit_1_type\"": \""NONE\"", \""limit_1_direction\"": \""<\"", \""limit_1_value\"": 0, \""limit_2_type\"": \""NONE\"", \""limit_2_direction\"": \""<\"", \""limit_2_value\"": 0, \""current_range\"": \""2MA\"", \""electrometer\"": \""AUTO\"", \""e_filter\"": \""1HZ\"", \""i_filter\"": \""1HZ\"", \""leave_cell_on\"": \""NO\"", \""cell_to_use\"": \""EXTERNAL\"", \""enable_ir_compensation\"": \""DISABLED\"", \""user_defined_the_amount_of_ir_comp\"": 1, \""use_previously_determined_ir_comp\"": \""YES\"", \""bandwidth\"": \""AUTO\"", \""final_potential\"": 0.0, \""versus_final\"": \""VS REF\"", \""low_current_interface_bandwidth\"": \""AUTO\""}]""","{""0"": 0.0, ""1"": 0.0, ""2"": 0.0, ""3"": 1.0, ""4"": 0.0}",asdc_data_001.csv,-.80,-4.66,-.55,.26,2
1,2,corrosion,2,"[{""op"": ""set_flow"", ""rates"": {""NaCl"": 0.5}, ""hold_time"": 10}, {""op"": ""cv"", ""initial_potential"": 0.0, ""vertex_potential_1"": -1.0, ""vertex_potential_2"": 1.2, ""final_potential"": 0.0, ""scan_rate"": 0.075, ""cycles"": 2, ""current_range"": ""2MA""}]",0.0,-31.64,0.08291873931884766,0.070081787109375,0.01752821159362793,False,2020-03-11 16:52:33.196212,2020-03-11 16:55:01.583413,[],"[""set_flow"", ""cv""]","""[{\""initial_potential\"": 0.0, \""versus_initial\"": \""VS REF\"", \""vertex_potential_1\"": -1.0, \""versus_vertex_1\"": \""VS REF\"", \""vertex_hold_1\"": 0, \""acquire_data_during_vertex_hold_1\"": \""NO\"", \""vertex_potential_2\"": 1.2, \""versus_vertex_2\"": \""VS REF\"", \""vertex_hold_2\"": 0, \""acquire_data_during_vertex_hold_2\"": \""NO\"", \""scan_rate\"": 0.075, \""cycles\"": 2, \""limit_1_type\"": \""NONE\"", \""limit_1_direction\"": \""<\"", \""limit_1_value\"": 0, \""limit_2_type\"": \""NONE\"", \""limit_2_direction\"": \""<\"", \""limit_2_value\"": 0, \""current_range\"": \""2MA\"", \""electrometer\"": \""AUTO\"", \""e_filter\"": \""1HZ\"", \""i_filter\"": \""1HZ\"", \""leave_cell_on\"": \""NO\"", \""cell_to_use\"": \""EXTERNAL\"", \""enable_ir_compensation\"": \""DISABLED\"", \""user_defined_the_amount_of_ir_comp\"": 1, \""use_previously_determined_ir_comp\"": \""YES\"", \""bandwidth\"": \""AUTO\"", \""final_potential\"": 0.0, \""versus_final\"": \""VS REF\"", \""low_current_interface_bandwidth\"": \""AUTO\""}]""","{""0"": 0.0, ""1"": 0.0, ""2"": 0.0, ""3"": 0.5, ""4"": 0.0}",asdc_data_002.csv,-.37,NA,-.1,.NA,0
2,3,corrosion,3,"[{""op"": ""set_flow"", ""rates"": {""NaCl"": 0.5}, ""hold_time"": 10}, {""op"": ""cv"", ""initial_potential"": 0.0, ""vertex_potential_1"": -1.0, ""vertex_potential_2"": 1.2, ""final_potential"": 0.0, ""scan_rate"": 0.075, ""cycles"": 2, ""current_range"": ""2MA""}]",27.12,-13.56,0.06483883666992188,0.0429617919921875,0.017528261184692383,False,2020-03-11 16:56:40.032414,2020-03-11 16:59:09.565015,[],"[""set_flow"", ""cv""]","""[{\""initial_potential\"": 0.0, \""versus_initial\"": \""VS REF\"", \""vertex_potential_1\"": -1.0, \""versus_vertex_1\"": \""VS REF\"", \""vertex_hold_1\"": 0, \""acquire_data_during_vertex_hold_1\"": \""NO\"", \""vertex_potential_2\"": 1.2, \""versus_vertex_2\"": \""VS REF\"", \""vertex_hold_2\"": 0, \""acquire_data_during_vertex_hold_2\"": \""NO\"", \""scan_rate\"": 0.075, \""cycles\"": 2, \""limit_1_type\"": \""NONE\"", \""limit_1_direction\"": \""<\"", \""limit_1_value\"": 0, \""limit_2_type\"": \""NONE\"", \""limit_2_direction\"": \""<\"", \""limit_2_value\"": 0, \""current_range\"": \""2MA\"", \""electrometer\"": \""AUTO\"", \""e_filter\"": \""1HZ\"", \""i_filter\"": \""1HZ\"", \""leave_cell_on\"": \""NO\"", \""cell_to_use\"": \""EXTERNAL\"", \""enable_ir_compensation\"": \""DISABLED\"", \""user_defined_the_amount_of_ir_comp\"": 1, \""use_previously_determined_ir_comp\"": \""YES\"", \""bandwidth\"": \""AUTO\"", \""final_potential\"": 0.0, \""versus_final\"": \""VS REF\"", \""low_current_interface_bandwidth\"": \""AUTO\""}]""","{""0"": 0.0, ""1"": 0.0, ""2"": 0.0, ""3"": 0.5, ""4"": 0.0}",asdc_data_003.csv,-.07,NA,NA,.NA,0
3,4,corrosion,4,"[{""op"": ""set_flow"", ""rates"": {""NaCl"": 0.5}, ""hold_time"": 10}, {""op"": ""cv"", ""initial_potential"": 0.0, ""vertex_potential_1"": -1.0, ""vertex_potential_2"": 1.2, ""final_potential"": 0.0, ""scan_rate"": 0.075, ""cycles"": 2, ""current_range"": ""2MA""}]",13.56,-18.08,0.06935848999023438,0.05652159118652344,0.01752821159362793,False,2020-03-11 17:00:45.177415,2020-03-11 17:03:15.812016,[],"[""set_flow"", ""cv""]","""[{\""initial_potential\"": 0.0, \""versus_initial\"": \""VS REF\"", \""vertex_potential_1\"": -1.0, \""versus_vertex_1\"": \""VS REF\"", \""vertex_hold_1\"": 0, \""acquire_data_during_vertex_hold_1\"": \""NO\"", \""vertex_potential_2\"": 1.2, \""versus_vertex_2\"": \""VS REF\"", \""vertex_hold_2\"": 0, \""acquire_data_during_vertex_hold_2\"": \""NO\"", \""scan_rate\"": 0.075, \""cycles\"": 2, \""limit_1_type\"": \""NONE\"", \""limit_1_direction\"": \""<\"", \""limit_1_value\"": 0, \""limit_2_type\"": \""NONE\"", \""limit_2_direction\"": \""<\"", \""limit_2_value\"": 0, \""current_range\"": \""2MA\"", \""electrometer\"": \""AUTO\"", \""e_filter\"": \""1HZ\"", \""i_filter\"": \""1HZ\"", \""leave_cell_on\"": \""NO\"", \""cell_to_use\"": \""EXTERNAL\"", \""enable_ir_compensation\"": \""DISABLED\"", \""user_defined_the_amount_of_ir_comp\"": 1, \""use_previously_determined_ir_comp\"": \""YES\"", \""bandwidth\"": \""AUTO\"", \""final_potential\"": 0.0, \""versus_final\"": \""VS REF\"", \""low_current_interface_bandwidth\"": \""AUTO\""}]""","{""0"": 0.0, ""1"": 0.0, ""2"": 0.0, ""3"": 0.5, ""4"": 0.0}",asdc_data_004.csv,-.17,NA,.1,.NA,0
4,5,corrosion,5,"[{""op"": ""set_flow"", ""rates"": {""NaCl"": 0.5}, ""hold_time"": 10}, {""op"": ""cv"", ""initial_potential"": 0.0, ""vertex_potential_1"": -1.0, ""vertex_potential_2"": 1.2, ""final_potential"": 0.0, ""scan_rate"": 0.075, ""cycles"": 2, ""current_range"": ""2MA""}]",9.04,4.52,0.04675879287719727,0.06104174041748047,0.017528261184692383,False,2020-03-11 17:04:53.360817,2020-03-11 17:07:23.932018,[],"[""set_flow"", ""cv""]","""[{\""initial_potential\"": 0.0, \""versus_initial\"": \""VS REF\"", \""vertex_potential_1\"": -1.0, \""versus_vertex_1\"": \""VS REF\"", \""vertex_hold_1\"": 0, \""acquire_data_during_vertex_hold_1\"": \""NO\"", \""vertex_potential_2\"": 1.2, \""versus_vertex_2\"": \""VS REF\"", \""vertex_hold_2\"": 0, \""acquire_data_during_vertex_hold_2\"": \""NO\"", \""scan_rate\"": 0.075, \""cycles\"": 2, \""limit_1_type\"": \""NONE\"", \""limit_1_direction\"": \""<\"", \""limit_1_value\"": 0, \""limit_2_type\"": \""NONE\"", \""limit_2_direction\"": \""<\"", \""limit_2_value\"": 0, \""current_range\"": \""2MA\"", \""electrometer\"": \""AUTO\"", \""e_filter\"": \""1HZ\"", \""i_filter\"": \""1HZ\"", \""leave_cell_on\"": \""NO\"", \""cell_to_use\"": \""EXTERNAL\"", \""enable_ir_compensation\"": \""DISABLED\"", \""user_defined_the_amount_of_ir_comp\"": 1, \""use_previously_determined_ir_comp\"": \""YES\"", \""bandwidth\"": \""AUTO\"", \""final_potential\"": 0.0, \""versus_final\"": \""VS REF\"", \""low_current_interface_bandwidth\"": \""AUTO\""}]""","{""0"": 0.0, ""1"": 0.0, ""2"": 0.0, ""3"": 0.5, ""4"": 0.0}",asdc_data_005.csv,-.63,-4.39,-.39,.15,1
5,6,corrosion,6,"[{""op"": ""set_flow"", ""rates"": {""NaCl"": 0.5}, ""hold_time"": 10}, {""op"": ""cv"", ""initial_potential"": 0.0, ""vertex_potential_1"": -1.0, ""vertex_potential_2"": 1.2, ""final_potential"": 0.0, ""scan_rate"": 0.075, ""cycles"": 2, ""current_range"": ""2MA""}]",9.04,-4.52,0.05579854202270508,0.06104174041748047,0.01752821159362793,False,2020-03-11 17:08:58.500218,2020-03-11 17:11:29.103619,[],"[""set_flow"", ""cv""]","""[{\""initial_potential\"": 0.0, \""versus_initial\"": \""VS REF\"", \""vertex_potential_1\"": -1.0, \""versus_vertex_1\"": \""VS REF\"", \""vertex_hold_1\"": 0, \""acquire_data_during_vertex_hold_1\"": \""NO\"", \""vertex_potential_2\"": 1.2, \""versus_vertex_2\"": \""VS REF\"", \""vertex_hold_2\"": 0, \""acquire_data_during_vertex_hold_2\"": \""NO\"", \""scan_rate\"": 0.075, \""cycles\"": 2, \""limit_1_type\"": \""NONE\"", \""limit_1_direction\"": \""<\"", \""limit_1_value\"": 0, \""limit_2_type\"": \""NONE\"", \""limit_2_direction\"": \""<\"", \""limit_2_value\"": 0, \""current_range\"": \""2MA\"", \""electrometer\"": \""AUTO\"", \""e_filter\"": \""1HZ\"", \""i_filter\"": \""1HZ\"", \""leave_cell_on\"": \""NO\"", \""cell_to_use\"": \""EXTERNAL\"", \""enable_ir_compensation\"": \""DISABLED\"", \""user_defined_the_amount_of_ir_comp\"": 1, \""use_previously_determined_ir_comp\"": \""YES\"", \""bandwidth\"": \""AUTO\"", \""final_potential\"": 0.0, \""versus_final\"": \""VS REF\"", \""low_current_interface_bandwidth\"": \""AUTO\""}]""","{""0"": 0.0, ""1"": 0.0, ""2"": 0.0, ""3"": 0.5, ""4"": 0.0}",asdc_data_006.csv,-.54,NA,-.07,NA,0
6,7,corrosion,7,"[{""op"": ""set_flow"", ""rates"": {""NaCl"": 0.5}, ""hold_time"": 10}, {""op"": ""cv"", ""initial_potential"": 0.0, ""vertex_potential_1"": -1.0, ""vertex_potential_2"": 1.2, ""final_potential"": 0.0, ""scan_rate"": 0.075, ""cycles"": 2, ""current_range"": ""2MA""}]",-9.04,4.52,0.04675889205932617,0.07912178802490234,0.017427812576293944,False,2020-03-11 17:13:05.840220,2020-03-11 17:15:36.460221,[],"[""set_flow"", ""cv""]","""[{\""initial_potential\"": 0.0, \""versus_initial\"": \""VS REF\"", \""vertex_potential_1\"": -1.0, \""versus_vertex_1\"": \""VS REF\"", \""vertex_hold_1\"": 0, \""acquire_data_during_vertex_hold_1\"": \""NO\"", \""vertex_potential_2\"": 1.2, \""versus_vertex_2\"": \""VS REF\"", \""vertex_hold_2\"": 0, \""acquire_data_during_vertex_hold_2\"": \""NO\"", \""scan_rate\"": 0.075, \""cycles\"": 2, \""limit_1_type\"": \""NONE\"", \""limit_1_direction\"": \""<\"", \""limit_1_value\"": 0, \""limit_2_type\"": \""NONE\"", \""limit_2_direction\"": \""<\"", \""limit_2_value\"": 0, \""current_range\"": \""2MA\"", \""electrometer\"": \""AUTO\"", \""e_filter\"": \""1HZ\"", \""i_filter\"": \""1HZ\"", \""leave_cell_on\"": \""NO\"", \""cell_to_use\"": \""EXTERNAL\"", \""enable_ir_compensation\"": \""DISABLED\"", \""user_defined_the_amount_of_ir_comp\"": 1, \""use_previously_determined_ir_comp\"": \""YES\"", \""bandwidth\"": \""AUTO\"", \""final_potential\"": 0.0, \""versus_final\"": \""VS REF\"", \""low_current_interface_bandwidth\"": \""AUTO\""}]""","{""0"": 0.0, ""1"": 0.0, ""2"": 0.0, ""3"": 0.5, ""4"": 0.0}",asdc_data_007.csv,NA,NA,NA,NA,0
7,8,corrosion,8,"[{""op"": ""set_flow"", ""rates"": {""NaCl"": 0.5}, ""hold_time"": 10}, {""op"": ""cv"", ""initial_potential"": 0.0, ""vertex_potential_1"": -1.0, ""vertex_potential_2"": 1.2, ""final_potential"": 0.0, ""scan_rate"": 0.075, ""cycles"": 2, ""current_range"": ""2MA""}]",-18.08,-13.56,0.06483853912353515,0.08816168975830078,0.017427761077880858,False,2020-03-11 17:17:12.915022,2020-03-11 17:19:43.521223,[],"[""set_flow"", ""cv""]","""[{\""initial_potential\"": 0.0, \""versus_initial\"": \""VS REF\"", \""vertex_potential_1\"": -1.0, \""versus_vertex_1\"": \""VS REF\"", \""vertex_hold_1\"": 0, \""acquire_data_during_vertex_hold_1\"": \""NO\"", \""vertex_potential_2\"": 1.2, \""versus_vertex_2\"": \""VS REF\"", \""vertex_hold_2\"": 0, \""acquire_data_during_vertex_hold_2\"": \""NO\"", \""scan_rate\"": 0.075, \""cycles\"": 2, \""limit_1_type\"": \""NONE\"", \""limit_1_direction\"": \""<\"", \""limit_1_value\"": 0, \""limit_2_type\"": \""NONE\"", \""limit_2_direction\"": \""<\"", \""limit_2_value\"": 0, \""current_range\"": \""2MA\"", \""electrometer\"": \""AUTO\"", \""e_filter\"": \""1HZ\"", \""i_filter\"": \""1HZ\"", \""leave_cell_on\"": \""NO\"", \""cell_to_use\"": \""EXTERNAL\"", \""enable_ir_compensation\"": \""DISABLED\"", \""user_defined_the_amount_of_ir_comp\"": 1, \""use_previously_determined_ir_comp\"": \""YES\"", \""bandwidth\"": \""AUTO\"", \""final_potential\"": 0.0, \""versus_final\"": \""VS REF\"", \""low_current_interface_bandwidth\"": \""AUTO\""}]""","{""0"": 0.0, ""1"": 0.0, ""2"": 0.0, ""3"": 0.5, ""4"": 0.0}",asdc_data_008.csv,-.6,NA,-.37,NA,0
8,9,corrosion,9,"[{""op"": ""set_flow"", ""rates"": {""NaCl"": 0.5}, ""hold_time"": 10}, {""op"": ""cv"", ""initial_potential"": 0.0, ""vertex_potential_1"": -1.0, ""vertex_potential_2"": 1.2, ""final_potential"": 0.0, ""scan_rate"": 0.075, ""cycles"": 2, ""current_range"": ""2MA""}]",-13.56,9.04,0.042238792419433596,0.08364193725585937,0.01742751121520996,False,2020-03-11 17:21:20.944223,2020-03-11 17:23:51.500824,[],"[""set_flow"", ""cv""]","""[{\""initial_potential\"": 0.0, \""versus_initial\"": \""VS REF\"", \""vertex_potential_1\"": -1.0, \""versus_vertex_1\"": \""VS REF\"", \""vertex_hold_1\"": 0, \""acquire_data_during_vertex_hold_1\"": \""NO\"", \""vertex_potential_2\"": 1.2, \""versus_vertex_2\"": \""VS REF\"", \""vertex_hold_2\"": 0, \""acquire_data_during_vertex_hold_2\"": \""NO\"", \""scan_rate\"": 0.075, \""cycles\"": 2, \""limit_1_type\"": \""NONE\"", \""limit_1_direction\"": \""<\"", \""limit_1_value\"": 0, \""limit_2_type\"": \""NONE\"", \""limit_2_direction\"": \""<\"", \""limit_2_value\"": 0, \""current_range\"": \""2MA\"", \""electrometer\"": \""AUTO\"", \""e_filter\"": \""1HZ\"", \""i_filter\"": \""1HZ\"", \""leave_cell_on\"": \""NO\"", \""cell_to_use\"": \""EXTERNAL\"", \""enable_ir_compensation\"": \""DISABLED\"", \""user_defined_the_amount_of_ir_comp\"": 1, \""use_previously_determined_ir_comp\"": \""YES\"", \""bandwidth\"": \""AUTO\"", \""final_potential\"": 0.0, \""versus_final\"": \""VS REF\"", \""low_current_interface_bandwidth\"": \""AUTO\""}]""","{""0"": 0.0, ""1"": 0.0, ""2"": 0.0, ""3"": 0.5, ""4"": 0.0}",asdc_data_009.csv,-.79,-4.6,-.49,.23,2
9,10,corrosion,10,"[{""op"": ""set_flow"", ""rates"": {""NaCl"": 0.5}, ""hold_time"": 10}, {""op"": ""cv"", ""initial_potential"": 0.0, ""vertex_potential_1"": -1.0, ""vertex_potential_2"": 1.2, ""final_potential"": 0.0, ""scan_rate"": 0.075, ""cycles"": 2, ""current_range"": ""2MA""}]",-9.04,13.56,0.03771879196166992,0.07912178802490234,0.017427461624145508,False,2020-03-11 17:25:25.132025,2020-03-11 17:27:54.661026,[],"[""set_flow"", ""cv""]","""[{\""initial_potential\"": 0.0, \""versus_initial\"": \""VS REF\"", \""vertex_potential_1\"": -1.0, \""versus_vertex_1\"": \""VS REF\"", \""vertex_hold_1\"": 0, \""acquire_data_during_vertex_hold_1\"": \""NO\"", \""vertex_potential_2\"": 1.2, \""versus_vertex_2\"": \""VS REF\"", \""vertex_hold_2\"": 0, \""acquire_data_during_vertex_hold_2\"": \""NO\"", \""scan_rate\"": 0.075, \""cycles\"": 2, \""limit_1_type\"": \""NONE\"", \""limit_1_direction\"": \""<\"", \""limit_1_value\"": 0, \""limit_2_type\"": \""NONE\"", \""limit_2_direction\"": \""<\"", \""limit_2_value\"": 0, \""current_range\"": \""2MA\"", \""electrometer\"": \""AUTO\"", \""e_filter\"": \""1HZ\"", \""i_filter\"": \""1HZ\"", \""leave_cell_on\"": \""NO\"", \""cell_to_use\"": \""EXTERNAL\"", \""enable_ir_compensation\"": \""DISABLED\"", \""user_defined_the_amount_of_ir_comp\"": 1, \""use_previously_determined_ir_comp\"": \""YES\"", \""bandwidth\"": \""AUTO\"", \""final_potential\"": 0.0, \""versus_final\"": \""VS REF\"", \""low_current_interface_bandwidth\"": \""AUTO\""}]""","{""0"": 0.0, ""1"": 0.0, ""2"": 0.0, ""3"": 0.5, ""4"": 0.0}",asdc_data_010.csv,-.73,NA,-.5,NA,0
10,11,corrosion,11,"[{""op"": ""set_flow"", ""rates"": {""NaCl"": 0.5}, ""hold_time"": 10}, {""op"": ""cv"", ""initial_potential"": 0.0, ""vertex_potential_1"": -1.0, ""vertex_potential_2"": 1.2, ""final_potential"": 0.0, ""scan_rate"": 0.075, ""cycles"": 2, ""current_range"": ""2MA""}]",-9.04,-22.6,0.0738785400390625,0.07912153625488282,0.01742751121520996,False,2020-03-11 17:29:34.376226,2020-03-11 17:32:04.994227,[],"[""set_flow"", ""cv""]","""[{\""initial_potential\"": 0.0, \""versus_initial\"": \""VS REF\"", \""vertex_potential_1\"": -1.0, \""versus_vertex_1\"": \""VS REF\"", \""vertex_hold_1\"": 0, \""acquire_data_during_vertex_hold_1\"": \""NO\"", \""vertex_potential_2\"": 1.2, \""versus_vertex_2\"": \""VS REF\"", \""vertex_hold_2\"": 0, \""acquire_data_during_vertex_hold_2\"": \""NO\"", \""scan_rate\"": 0.075, \""cycles\"": 2, \""limit_1_type\"": \""NONE\"", \""limit_1_direction\"": \""<\"", \""limit_1_value\"": 0, \""limit_2_type\"": \""NONE\"", \""limit_2_direction\"": \""<\"", \""limit_2_value\"": 0, \""current_range\"": \""2MA\"", \""electrometer\"": \""AUTO\"", \""e_filter\"": \""1HZ\"", \""i_filter\"": \""1HZ\"", \""leave_cell_on\"": \""NO\"", \""cell_to_use\"": \""EXTERNAL\"", \""enable_ir_compensation\"": \""DISABLED\"", \""user_defined_the_amount_of_ir_comp\"": 1, \""use_previously_determined_ir_comp\"": \""YES\"", \""bandwidth\"": \""AUTO\"", \""final_potential\"": 0.0, \""versus_final\"": \""VS REF\"", \""low_current_interface_bandwidth\"": \""AUTO\""}]""","{""0"": 0.0, ""1"": 0.0, ""2"": 0.0, ""3"": 0.5, ""4"": 0.0}",asdc_data_011.csv,-.65,NA,-.46,NA,0
11,12,corrosion,12,"[{""op"": ""set_flow"", ""rates"": {""NaCl"": 0.5}, ""hold_time"": 10}, {""op"": ""cv"", ""initial_potential"": 0.0, ""vertex_potential_1"": -1.0, ""vertex_potential_2"": 1.2, ""final_potential"": 0.0, ""scan_rate"": 0.075, ""cycles"": 2, ""current_range"": ""2MA""}]",-13.56,0.0,0.05127879333496094,0.08364183807373046,0.01742751121520996,False,2020-03-11 17:33:42.044828,2020-03-11 17:36:12.616029,[],"[""set_flow"", ""cv""]","""[{\""initial_potential\"": 0.0, \""versus_initial\"": \""VS REF\"", \""vertex_potential_1\"": -1.0, \""versus_vertex_1\"": \""VS REF\"", \""vertex_hold_1\"": 0, \""acquire_data_during_vertex_hold_1\"": \""NO\"", \""vertex_potential_2\"": 1.2, \""versus_vertex_2\"": \""VS REF\"", \""vertex_hold_2\"": 0, \""acquire_data_during_vertex_hold_2\"": \""NO\"", \""scan_rate\"": 0.075, \""cycles\"": 2, \""limit_1_type\"": \""NONE\"", \""limit_1_direction\"": \""<\"", \""limit_1_value\"": 0, \""limit_2_type\"": \""NONE\"", \""limit_2_direction\"": \""<\"", \""limit_2_value\"": 0, \""current_range\"": \""2MA\"", \""electrometer\"": \""AUTO\"", \""e_filter\"": \""1HZ\"", \""i_filter\"": \""1HZ\"", \""leave_cell_on\"": \""NO\"", \""cell_to_use\"": \""EXTERNAL\"", \""enable_ir_compensation\"": \""DISABLED\"", \""user_defined_the_amount_of_ir_comp\"": 1, \""use_previously_determined_ir_comp\"": \""YES\"", \""bandwidth\"": \""AUTO\"", \""final_potential\"": 0.0, \""versus_final\"": \""VS REF\"", \""low_current_interface_bandwidth\"": \""AUTO\""}]""","{""0"": 0.0, ""1"": 0.0, ""2"": 0.0, ""3"": 0.5, ""4"": 0.0}",asdc_data_012.csv,-.76,-4.56,-.52,0.03,1
12,13,corrosion,13,"[{""op"": ""set_flow"", ""rates"": {""NaCl"": 0.5}, ""hold_time"": 10}, {""op"": ""cv"", ""initial_potential"": 0.0, ""vertex_potential_1"": -1.0, ""vertex_potential_2"": 1.2, ""final_potential"": 0.0, ""scan_rate"": 0.075, ""cycles"": 2, ""current_range"": ""2MA""}]",13.56,-9.04,0.060318443298339845,0.05652178955078125,0.01742751121520996,False,2020-03-11 17:37:51.005230,2020-03-11 17:40:21.610631,[],"[""set_flow"", ""cv""]","""[{\""initial_potential\"": 0.0, \""versus_initial\"": \""VS REF\"", \""vertex_potential_1\"": -1.0, \""versus_vertex_1\"": \""VS REF\"", \""vertex_hold_1\"": 0, \""acquire_data_during_vertex_hold_1\"": \""NO\"", \""vertex_potential_2\"": 1.2, \""versus_vertex_2\"": \""VS REF\"", \""vertex_hold_2\"": 0, \""acquire_data_during_vertex_hold_2\"": \""NO\"", \""scan_rate\"": 0.075, \""cycles\"": 2, \""limit_1_type\"": \""NONE\"", \""limit_1_direction\"": \""<\"", \""limit_1_value\"": 0, \""limit_2_type\"": \""NONE\"", \""limit_2_direction\"": \""<\"", \""limit_2_value\"": 0, \""current_range\"": \""2MA\"", \""electrometer\"": \""AUTO\"", \""e_filter\"": \""1HZ\"", \""i_filter\"": \""1HZ\"", \""leave_cell_on\"": \""NO\"", \""cell_to_use\"": \""EXTERNAL\"", \""enable_ir_compensation\"": \""DISABLED\"", \""user_defined_the_amount_of_ir_comp\"": 1, \""use_previously_determined_ir_comp\"": \""YES\"", \""bandwidth\"": \""AUTO\"", \""final_potential\"": 0.0, \""versus_final\"": \""VS REF\"", \""low_current_interface_bandwidth\"": \""AUTO\""}]""","{""0"": 0.0, ""1"": 0.0, ""2"": 0.0, ""3"": 0.5, ""4"": 0.0}",asdc_data_013.csv,-.43,NA,-.28,NA,0
13,14,corrosion,14,"[{""op"": ""set_flow"", ""rates"": {""NaCl"": 0.5}, ""hold_time"": 10}, {""op"": ""cv"", ""initial_potential"": 0.0, ""vertex_potential_1"": -1.0, ""vertex_potential_2"": 1.2, ""final_potential"": 0.0, ""scan_rate"": 0.075, ""cycles"": 2, ""current_range"": ""2MA""}]",4.52,9.04,0.042238792419433596,0.06556173706054688,0.01742751121520996,False,2020-03-11 17:42:00.436631,2020-03-11 17:44:31.008832,[],"[""set_flow"", ""cv""]","""[{\""initial_potential\"": 0.0, \""versus_initial\"": \""VS REF\"", \""vertex_potential_1\"": -1.0, \""versus_vertex_1\"": \""VS REF\"", \""vertex_hold_1\"": 0, \""acquire_data_during_vertex_hold_1\"": \""NO\"", \""vertex_potential_2\"": 1.2, \""versus_vertex_2\"": \""VS REF\"", \""vertex_hold_2\"": 0, \""acquire_data_during_vertex_hold_2\"": \""NO\"", \""scan_rate\"": 0.075, \""cycles\"": 2, \""limit_1_type\"": \""NONE\"", \""limit_1_direction\"": \""<\"", \""limit_1_value\"": 0, \""limit_2_type\"": \""NONE\"", \""limit_2_direction\"": \""<\"", \""limit_2_value\"": 0, \""current_range\"": \""2MA\"", \""electrometer\"": \""AUTO\"", \""e_filter\"": \""1HZ\"", \""i_filter\"": \""1HZ\"", \""leave_cell_on\"": \""NO\"", \""cell_to_use\"": \""EXTERNAL\"", \""enable_ir_compensation\"": \""DISABLED\"", \""user_defined_the_amount_of_ir_comp\"": 1, \""use_previously_determined_ir_comp\"": \""YES\"", \""bandwidth\"": \""AUTO\"", \""final_potential\"": 0.0, \""versus_final\"": \""VS REF\"", \""low_current_interface_bandwidth\"": \""AUTO\""}]""","{""0"": 0.0, ""1"": 0.0, ""2"": 0.0, ""3"": 0.5, ""4"": 0.0}",asdc_data_014.csv,-.73,-4.77,-.54,.1,2
14,15,corrosion,15,"[{""op"": ""set_flow"", ""rates"": {""NaCl"": 0.5}, ""hold_time"": 10}, {""op"": ""cv"", ""initial_potential"": 0.0, ""vertex_potential_1"": -1.0, ""vertex_potential_2"": 1.2, ""final_potential"": 0.0, ""scan_rate"": 0.075, ""cycles"": 2, ""current_range"": ""2MA""}]",0.0,4.52,0.04675849151611328,0.07008163452148437,0.01742751121520996,False,2020-03-11 17:46:06.295633,2020-03-11 17:48:36.835634,[],"[""set_flow"", ""cv""]","""[{\""initial_potential\"": 0.0, \""versus_initial\"": \""VS REF\"", \""vertex_potential_1\"": -1.0, \""versus_vertex_1\"": \""VS REF\"", \""vertex_hold_1\"": 0, \""acquire_data_during_vertex_hold_1\"": \""NO\"", \""vertex_potential_2\"": 1.2, \""versus_vertex_2\"": \""VS REF\"", \""vertex_hold_2\"": 0, \""acquire_data_during_vertex_hold_2\"": \""NO\"", \""scan_rate\"": 0.075, \""cycles\"": 2, \""limit_1_type\"": \""NONE\"", \""limit_1_direction\"": \""<\"", \""limit_1_value\"": 0, \""limit_2_type\"": \""NONE\"", \""limit_2_direction\"": \""<\"", \""limit_2_value\"": 0, \""current_range\"": \""2MA\"", \""electrometer\"": \""AUTO\"", \""e_filter\"": \""1HZ\"", \""i_filter\"": \""1HZ\"", \""leave_cell_on\"": \""NO\"", \""cell_to_use\"": \""EXTERNAL\"", \""enable_ir_compensation\"": \""DISABLED\"", \""user_defined_the_amount_of_ir_comp\"": 1, \""use_previously_determined_ir_comp\"": \""YES\"", \""bandwidth\"": \""AUTO\"", \""final_potential\"": 0.0, \""versus_final\"": \""VS REF\"", \""low_current_interface_bandwidth\"": \""AUTO\""}]""","{""0"": 0.0, ""1"": 0.0, ""2"": 0.0, ""3"": 0.5, ""4"": 0.0}",asdc_data_015.csv,-.63,NA,-.42,NA,0
15,16,corrosion,16,"[{""op"": ""set_flow"", ""rates"": {""NaCl"": 0.5}, ""hold_time"": 10}, {""op"": ""cv"", ""initial_potential"": 0.0, ""vertex_potential_1"": -1.0, ""vertex_potential_2"": 1.2, ""final_potential"": 0.0, ""scan_rate"": 0.075, ""cycles"": 2, ""current_range"": ""2MA""}]",-22.6,-9.04,0.060318492889404295,0.0926817398071289,0.017427560806274413,False,2020-03-11 17:50:14.195234,2020-03-11 17:52:44.738235,[],"[""set_flow"", ""cv""]","""[{\""initial_potential\"": 0.0, \""versus_initial\"": \""VS REF\"", \""vertex_potential_1\"": -1.0, \""versus_vertex_1\"": \""VS REF\"", \""vertex_hold_1\"": 0, \""acquire_data_during_vertex_hold_1\"": \""NO\"", \""vertex_potential_2\"": 1.2, \""versus_vertex_2\"": \""VS REF\"", \""vertex_hold_2\"": 0, \""acquire_data_during_vertex_hold_2\"": \""NO\"", \""scan_rate\"": 0.075, \""cycles\"": 2, \""limit_1_type\"": \""NONE\"", \""limit_1_direction\"": \""<\"", \""limit_1_value\"": 0, \""limit_2_type\"": \""NONE\"", \""limit_2_direction\"": \""<\"", \""limit_2_value\"": 0, \""current_range\"": \""2MA\"", \""electrometer\"": \""AUTO\"", \""e_filter\"": \""1HZ\"", \""i_filter\"": \""1HZ\"", \""leave_cell_on\"": \""NO\"", \""cell_to_use\"": \""EXTERNAL\"", \""enable_ir_compensation\"": \""DISABLED\"", \""user_defined_the_amount_of_ir_comp\"": 1, \""use_previously_determined_ir_comp\"": \""YES\"", \""bandwidth\"": \""AUTO\"", \""final_potential\"": 0.0, \""versus_final\"": \""VS REF\"", \""low_current_interface_bandwidth\"": \""AUTO\""}]""","{""0"": 0.0, ""1"": 0.0, ""2"": 0.0, ""3"": 0.5, ""4"": 0.0}",asdc_data_016.csv,-.71,NA,-.54,NA,0
16,17,corrosion,17,"[{""op"": ""set_flow"", ""rates"": {""NaCl"": 0.5}, ""hold_time"": 10}, {""op"": ""cv"", ""initial_potential"": 0.0, ""vertex_potential_1"": -1.0, ""vertex_potential_2"": 1.2, ""final_potential"": 0.0, ""scan_rate"": 0.075, ""cycles"": 2, ""current_range"": ""2MA""}]",0.0,13.56,0.037718841552734375,0.070081787109375,0.01742751121520996,False,2020-03-11 17:54:22.597036,2020-03-11 17:56:53.200437,[],"[""set_flow"", ""cv""]","""[{\""initial_potential\"": 0.0, \""versus_initial\"": \""VS REF\"", \""vertex_potential_1\"": -1.0, \""versus_vertex_1\"": \""VS REF\"", \""vertex_hold_1\"": 0, \""acquire_data_during_vertex_hold_1\"": \""NO\"", \""vertex_potential_2\"": 1.2, \""versus_vertex_2\"": \""VS REF\"", \""vertex_hold_2\"": 0, \""acquire_data_during_vertex_hold_2\"": \""NO\"", \""scan_rate\"": 0.075, \""cycles\"": 2, \""limit_1_type\"": \""NONE\"", \""limit_1_direction\"": \""<\"", \""limit_1_value\"": 0, \""limit_2_type\"": \""NONE\"", \""limit_2_direction\"": \""<\"", \""limit_2_value\"": 0, \""current_range\"": \""2MA\"", \""electrometer\"": \""AUTO\"", \""e_filter\"": \""1HZ\"", \""i_filter\"": \""1HZ\"", \""leave_cell_on\"": \""NO\"", \""cell_to_use\"": \""EXTERNAL\"", \""enable_ir_compensation\"": \""DISABLED\"", \""user_defined_the_amount_of_ir_comp\"": 1, \""use_previously_determined_ir_comp\"": \""YES\"", \""bandwidth\"": \""AUTO\"", \""final_potential\"": 0.0, \""versus_final\"": \""VS REF\"", \""low_current_interface_bandwidth\"": \""AUTO\""}]""","{""0"": 0.0, ""1"": 0.0, ""2"": 0.0, ""3"": 0.5, ""4"": 0.0}",asdc_data_017.csv,-.54,NA,-.3,NA,0
17,18,corrosion,18,"[{""op"": ""set_flow"", ""rates"": {""NaCl"": 0.5}, ""hold_time"": 10}, {""op"": ""cv"", ""initial_potential"": 0.0, ""vertex_potential_1"": -1.0, ""vertex_potential_2"": 1.2, ""final_potential"": 0.0, ""scan_rate"": 0.075, ""cycles"": 2, ""current_range"": ""2MA""}]",-13.56,27.12,0.024158695220947265,0.08364168548583985,0.01742751121520996,False,2020-03-11 17:58:28.907437,2020-03-11 18:00:59.401638,[],"[""set_flow"", ""cv""]","""[{\""initial_potential\"": 0.0, \""versus_initial\"": \""VS REF\"", \""vertex_potential_1\"": -1.0, \""versus_vertex_1\"": \""VS REF\"", \""vertex_hold_1\"": 0, \""acquire_data_during_vertex_hold_1\"": \""NO\"", \""vertex_potential_2\"": 1.2, \""versus_vertex_2\"": \""VS REF\"", \""vertex_hold_2\"": 0, \""acquire_data_during_vertex_hold_2\"": \""NO\"", \""scan_rate\"": 0.075, \""cycles\"": 2, \""limit_1_type\"": \""NONE\"", \""limit_1_direction\"": \""<\"", \""limit_1_value\"": 0, \""limit_2_type\"": \""NONE\"", \""limit_2_direction\"": \""<\"", \""limit_2_value\"": 0, \""current_range\"": \""2MA\"", \""electrometer\"": \""AUTO\"", \""e_filter\"": \""1HZ\"", \""i_filter\"": \""1HZ\"", \""leave_cell_on\"": \""NO\"", \""cell_to_use\"": \""EXTERNAL\"", \""enable_ir_compensation\"": \""DISABLED\"", \""user_defined_the_amount_of_ir_comp\"": 1, \""use_previously_determined_ir_comp\"": \""YES\"", \""bandwidth\"": \""AUTO\"", \""final_potential\"": 0.0, \""versus_final\"": \""VS REF\"", \""low_current_interface_bandwidth\"": \""AUTO\""}]""","{""0"": 0.0, ""1"": 0.0, ""2"": 0.0, ""3"": 0.5, ""4"": 0.0}",asdc_data_018.csv,-.61,-4.29,-.37,.48,0
18,19,corrosion,19,"[{""op"": ""set_flow"", ""rates"": {""NaCl"": 0.5}, ""hold_time"": 10}, {""op"": ""cv"", ""initial_potential"": 0.0, ""vertex_potential_1"": -1.0, ""vertex_potential_2"": 1.2, ""final_potential"": 0.0, ""scan_rate"": 0.075, ""cycles"": 2, ""current_range"": ""2MA""}]",-31.64,9.04,0.04223844146728516,0.10000003814697266,0.01742751121520996,False,2020-03-11 18:02:35.528839,2020-03-11 18:05:06.118640,[],"[""set_flow"", ""cv""]","""[{\""initial_potential\"": 0.0, \""versus_initial\"": \""VS REF\"", \""vertex_potential_1\"": -1.0, \""versus_vertex_1\"": \""VS REF\"", \""vertex_hold_1\"": 0, \""acquire_data_during_vertex_hold_1\"": \""NO\"", \""vertex_potential_2\"": 1.2, \""versus_vertex_2\"": \""VS REF\"", \""vertex_hold_2\"": 0, \""acquire_data_during_vertex_hold_2\"": \""NO\"", \""scan_rate\"": 0.075, \""cycles\"": 2, \""limit_1_type\"": \""NONE\"", \""limit_1_direction\"": \""<\"", \""limit_1_value\"": 0, \""limit_2_type\"": \""NONE\"", \""limit_2_direction\"": \""<\"", \""limit_2_value\"": 0, \""current_range\"": \""2MA\"", \""electrometer\"": \""AUTO\"", \""e_filter\"": \""1HZ\"", \""i_filter\"": \""1HZ\"", \""leave_cell_on\"": \""NO\"", \""cell_to_use\"": \""EXTERNAL\"", \""enable_ir_compensation\"": \""DISABLED\"", \""user_defined_the_amount_of_ir_comp\"": 1, \""use_previously_determined_ir_comp\"": \""YES\"", \""bandwidth\"": \""AUTO\"", \""final_potential\"": 0.0, \""versus_final\"": \""VS REF\"", \""low_current_interface_bandwidth\"": \""AUTO\""}]""","{""0"": 0.0, ""1"": 0.0, ""2"": 0.0, ""3"": 0.5, ""4"": 0.0}",asdc_data_019.csv,NA,NA,NA,NA,0
19,20,corrosion,20,"[{""op"": ""set_flow"", ""rates"": {""NaCl"": 0.5}, ""hold_time"": 10}, {""op"": ""cv"", ""initial_potential"": 0.0, ""vertex_potential_1"": -1.0, ""vertex_potential_2"": 1.2, ""final_potential"": 0.0, ""scan_rate"": 0.075, ""cycles"": 2, ""current_range"": ""2MA""}]",4.52,-27.12,0.0783985366821289,0.0655618896484375,0.01692751121520996,False,2020-03-11 18:10:24.033042,2020-03-11 18:12:52.530443,[],"[""set_flow"", ""cv""]","""[{\""initial_potential\"": 0.0, \""versus_initial\"": \""VS REF\"", \""vertex_potential_1\"": -1.0, \""versus_vertex_1\"": \""VS REF\"", \""vertex_hold_1\"": 0, \""acquire_data_during_vertex_hold_1\"": \""NO\"", \""vertex_potential_2\"": 1.2, \""versus_vertex_2\"": \""VS REF\"", \""vertex_hold_2\"": 0, \""acquire_data_during_vertex_hold_2\"": \""NO\"", \""scan_rate\"": 0.075, \""cycles\"": 2, \""limit_1_type\"": \""NONE\"", \""limit_1_direction\"": \""<\"", \""limit_1_value\"": 0, \""limit_2_type\"": \""NONE\"", \""limit_2_direction\"": \""<\"", \""limit_2_value\"": 0, \""current_range\"": \""2MA\"", \""electrometer\"": \""AUTO\"", \""e_filter\"": \""1HZ\"", \""i_filter\"": \""1HZ\"", \""leave_cell_on\"": \""NO\"", \""cell_to_use\"": \""EXTERNAL\"", \""enable_ir_compensation\"": \""DISABLED\"", \""user_defined_the_amount_of_ir_comp\"": 1, \""use_previously_determined_ir_comp\"": \""YES\"", \""bandwidth\"": \""AUTO\"", \""final_potential\"": 0.0, \""versus_final\"": \""VS REF\"", \""low_current_interface_bandwidth\"": \""AUTO\""}]""","{""0"": 0.0, ""1"": 0.0, ""2"": 0.0, ""3"": 0.5, ""4"": 0.0}",asdc_data_020.csv,NA,NA,NA,NA,2
20,21,corrosion,21,"[{""op"": ""set_flow"", ""rates"": {""NaCl"": 0.5}, ""hold_time"": 10}, {""op"": ""cv"", ""initial_potential"": 0.0, ""vertex_potential_1"": -1.0, ""vertex_potential_2"": 1.2, ""final_potential"": 0.0, ""scan_rate"": 0.075, ""cycles"": 2, ""current_range"": ""2MA""}]",-13.56,-9.04,0.060318843841552734,0.08364163970947265,0.01692751121520996,False,2020-03-11 18:14:28.907244,2020-03-11 18:16:59.480445,[],"[""set_flow"", ""cv""]","""[{\""initial_potential\"": 0.0, \""versus_initial\"": \""VS REF\"", \""vertex_potential_1\"": -1.0, \""versus_vertex_1\"": \""VS REF\"", \""vertex_hold_1\"": 0, \""acquire_data_during_vertex_hold_1\"": \""NO\"", \""vertex_potential_2\"": 1.2, \""versus_vertex_2\"": \""VS REF\"", \""vertex_hold_2\"": 0, \""acquire_data_during_vertex_hold_2\"": \""NO\"", \""scan_rate\"": 0.075, \""cycles\"": 2, \""limit_1_type\"": \""NONE\"", \""limit_1_direction\"": \""<\"", \""limit_1_value\"": 0, \""limit_2_type\"": \""NONE\"", \""limit_2_direction\"": \""<\"", \""limit_2_value\"": 0, \""current_range\"": \""2MA\"", \""electrometer\"": \""AUTO\"", \""e_filter\"": \""1HZ\"", \""i_filter\"": \""1HZ\"", \""leave_cell_on\"": \""NO\"", \""cell_to_use\"": \""EXTERNAL\"", \""enable_ir_compensation\"": \""DISABLED\"", \""user_defined_the_amount_of_ir_comp\"": 1, \""use_previously_determined_ir_comp\"": \""YES\"", \""bandwidth\"": \""AUTO\"", \""final_potential\"": 0.0, \""versus_final\"": \""VS REF\"", \""low_current_interface_bandwidth\"": \""AUTO\""}]""","{""0"": 0.0, ""1"": 0.0, ""2"": 0.0, ""3"": 0.5, ""4"": 0.0}",asdc_data_021.csv,-.81,-4.69,-.57,.14,2
21,22,corrosion,22,"[{""op"": ""set_flow"", ""rates"": {""NaCl"": 0.5}, ""hold_time"": 10}, {""op"": ""cv"", ""initial_potential"": 0.0, ""vertex_potential_1"": -1.0, ""vertex_potential_2"": 1.2, ""final_potential"": 0.0, ""scan_rate"": 0.075, ""cycles"": 2, ""current_range"": ""2MA""}]",22.6,0.0,0.051278644561767575,0.04748179244995117,0.01692776107788086,False,2020-03-11 18:18:39.601245,2020-03-11 18:21:10.221246,[],"[""set_flow"", ""cv""]","""[{\""initial_potential\"": 0.0, \""versus_initial\"": \""VS REF\"", \""vertex_potential_1\"": -1.0, \""versus_vertex_1\"": \""VS REF\"", \""vertex_hold_1\"": 0, \""acquire_data_during_vertex_hold_1\"": \""NO\"", \""vertex_potential_2\"": 1.2, \""versus_vertex_2\"": \""VS REF\"", \""vertex_hold_2\"": 0, \""acquire_data_during_vertex_hold_2\"": \""NO\"", \""scan_rate\"": 0.075, \""cycles\"": 2, \""limit_1_type\"": \""NONE\"", \""limit_1_direction\"": \""<\"", \""limit_1_value\"": 0, \""limit_2_type\"": \""NONE\"", \""limit_2_direction\"": \""<\"", \""limit_2_value\"": 0, \""current_range\"": \""2MA\"", \""electrometer\"": \""AUTO\"", \""e_filter\"": \""1HZ\"", \""i_filter\"": \""1HZ\"", \""leave_cell_on\"": \""NO\"", \""cell_to_use\"": \""EXTERNAL\"", \""enable_ir_compensation\"": \""DISABLED\"", \""user_defined_the_amount_of_ir_comp\"": 1, \""use_previously_determined_ir_comp\"": \""YES\"", \""bandwidth\"": \""AUTO\"", \""final_potential\"": 0.0, \""versus_final\"": \""VS REF\"", \""low_current_interface_bandwidth\"": \""AUTO\""}]""","{""0"": 0.0, ""1"": 0.0, ""2"": 0.0, ""3"": 0.5, ""4"": 0.0}",asdc_data_022.csv,-.62,NA,-.43,NA,0
22,23,corrosion,23,"[{""op"": ""set_flow"", ""rates"": {""NaCl"": 0.5}, ""hold_time"": 10}, {""op"": ""cv"", ""initial_potential"": 0.0, ""vertex_potential_1"": -1.0, ""vertex_potential_2"": 1.2, ""final_potential"": 0.0, ""scan_rate"": 0.075, ""cycles"": 2, ""current_range"": ""2MA""}]",22.6,-9.04,0.06031839370727539,0.047481842041015625,0.01692776107788086,False,2020-03-11 18:22:44.945447,2020-03-11 18:25:15.501048,[],"[""set_flow"", ""cv""]","""[{\""initial_potential\"": 0.0, \""versus_initial\"": \""VS REF\"", \""vertex_potential_1\"": -1.0, \""versus_vertex_1\"": \""VS REF\"", \""vertex_hold_1\"": 0, \""acquire_data_during_vertex_hold_1\"": \""NO\"", \""vertex_potential_2\"": 1.2, \""versus_vertex_2\"": \""VS REF\"", \""vertex_hold_2\"": 0, \""acquire_data_during_vertex_hold_2\"": \""NO\"", \""scan_rate\"": 0.075, \""cycles\"": 2, \""limit_1_type\"": \""NONE\"", \""limit_1_direction\"": \""<\"", \""limit_1_value\"": 0, \""limit_2_type\"": \""NONE\"", \""limit_2_direction\"": \""<\"", \""limit_2_value\"": 0, \""current_range\"": \""2MA\"", \""electrometer\"": \""AUTO\"", \""e_filter\"": \""1HZ\"", \""i_filter\"": \""1HZ\"", \""leave_cell_on\"": \""NO\"", \""cell_to_use\"": \""EXTERNAL\"", \""enable_ir_compensation\"": \""DISABLED\"", \""user_defined_the_amount_of_ir_comp\"": 1, \""use_previously_determined_ir_comp\"": \""YES\"", \""bandwidth\"": \""AUTO\"", \""final_potential\"": 0.0, \""versus_final\"": \""VS REF\"", \""low_current_interface_bandwidth\"": \""AUTO\""}]""","{""0"": 0.0, ""1"": 0.0, ""2"": 0.0, ""3"": 0.5, ""4"": 0.0}",asdc_data_023.csv,-.77,-4.78,-.55,.14,1
23,24,corrosion,24,"[{""op"": ""set_flow"", ""rates"": {""NaCl"": 0.5}, ""hold_time"": 10}, {""op"": ""cv"", ""initial_potential"": 0.0, ""vertex_potential_1"": -1.0, ""vertex_potential_2"": 1.2, ""final_potential"": 0.0, ""scan_rate"": 0.075, ""cycles"": 2, ""current_range"": ""2MA""}]",-4.52,-18.08,0.06935854339599609,0.0746016845703125,0.016927961349487305,False,2020-03-11 18:26:53.715048,2020-03-11 18:29:24.256049,[],"[""set_flow"", ""cv""]","""[{\""initial_potential\"": 0.0, \""versus_initial\"": \""VS REF\"", \""vertex_potential_1\"": -1.0, \""versus_vertex_1\"": \""VS REF\"", \""vertex_hold_1\"": 0, \""acquire_data_during_vertex_hold_1\"": \""NO\"", \""vertex_potential_2\"": 1.2, \""versus_vertex_2\"": \""VS REF\"", \""vertex_hold_2\"": 0, \""acquire_data_during_vertex_hold_2\"": \""NO\"", \""scan_rate\"": 0.075, \""cycles\"": 2, \""limit_1_type\"": \""NONE\"", \""limit_1_direction\"": \""<\"", \""limit_1_value\"": 0, \""limit_2_type\"": \""NONE\"", \""limit_2_direction\"": \""<\"", \""limit_2_value\"": 0, \""current_range\"": \""2MA\"", \""electrometer\"": \""AUTO\"", \""e_filter\"": \""1HZ\"", \""i_filter\"": \""1HZ\"", \""leave_cell_on\"": \""NO\"", \""cell_to_use\"": \""EXTERNAL\"", \""enable_ir_compensation\"": \""DISABLED\"", \""user_defined_the_amount_of_ir_comp\"": 1, \""use_previously_determined_ir_comp\"": \""YES\"", \""bandwidth\"": \""AUTO\"", \""final_potential\"": 0.0, \""versus_final\"": \""VS REF\"", \""low_current_interface_bandwidth\"": \""AUTO\""}]""","{""0"": 0.0, ""1"": 0.0, ""2"": 0.0, ""3"": 0.5, ""4"": 0.0}",asdc_data_024.csv,-.77,-4.79,-.5,.15,1
24,25,corrosion,25,"[{""op"": ""set_flow"", ""rates"": {""NaCl"": 0.5}, ""hold_time"": 10}, {""op"": ""cv"", ""initial_potential"": 0.0, ""vertex_potential_1"": -1.0, ""vertex_potential_2"": 1.2, ""final_potential"": 0.0, ""scan_rate"": 0.075, ""cycles"": 2, ""current_range"": ""2MA""}]",22.6,18.08,0.03319879150390625,0.047481842041015625,0.01692801094055176,False,2020-03-11 18:31:04.392450,2020-03-11 18:33:33.936051,[],"[""set_flow"", ""cv""]","""[{\""initial_potential\"": 0.0, \""versus_initial\"": \""VS REF\"", \""vertex_potential_1\"": -1.0, \""versus_vertex_1\"": \""VS REF\"", \""vertex_hold_1\"": 0, \""acquire_data_during_vertex_hold_1\"": \""NO\"", \""vertex_potential_2\"": 1.2, \""versus_vertex_2\"": \""VS REF\"", \""vertex_hold_2\"": 0, \""acquire_data_during_vertex_hold_2\"": \""NO\"", \""scan_rate\"": 0.075, \""cycles\"": 2, \""limit_1_type\"": \""NONE\"", \""limit_1_direction\"": \""<\"", \""limit_1_value\"": 0, \""limit_2_type\"": \""NONE\"", \""limit_2_direction\"": \""<\"", \""limit_2_value\"": 0, \""current_range\"": \""2MA\"", \""electrometer\"": \""AUTO\"", \""e_filter\"": \""1HZ\"", \""i_filter\"": \""1HZ\"", \""leave_cell_on\"": \""NO\"", \""cell_to_use\"": \""EXTERNAL\"", \""enable_ir_compensation\"": \""DISABLED\"", \""user_defined_the_amount_of_ir_comp\"": 1, \""use_previously_determined_ir_comp\"": \""YES\"", \""bandwidth\"": \""AUTO\"", \""final_potential\"": 0.0, \""versus_final\"": \""VS REF\"", \""low_current_interface_bandwidth\"": \""AUTO\""}]""","{""0"": 0.0, ""1"": 0.0, ""2"": 0.0, ""3"": 0.5, ""4"": 0.0}",asdc_data_025.csv,-.77,NA,-.61,NA,0
25,26,corrosion,26,"[{""op"": ""set_flow"", ""rates"": {""NaCl"": 0.5}, ""hold_time"": 10}, {""op"": ""cv"", ""initial_potential"": 0.0, ""vertex_potential_1"": -1.0, ""vertex_potential_2"": 1.2, ""final_potential"": 0.0, ""scan_rate"": 0.075, ""cycles"": 2, ""current_range"": ""2MA""}]",13.56,27.12,0.024158645629882812,0.05652164077758789,0.01692816162109375,False,2020-03-11 18:35:08.317052,2020-03-11 18:37:38.888253,[],"[""set_flow"", ""cv""]","""[{\""initial_potential\"": 0.0, \""versus_initial\"": \""VS REF\"", \""vertex_potential_1\"": -1.0, \""versus_vertex_1\"": \""VS REF\"", \""vertex_hold_1\"": 0, \""acquire_data_during_vertex_hold_1\"": \""NO\"", \""vertex_potential_2\"": 1.2, \""versus_vertex_2\"": \""VS REF\"", \""vertex_hold_2\"": 0, \""acquire_data_during_vertex_hold_2\"": \""NO\"", \""scan_rate\"": 0.075, \""cycles\"": 2, \""limit_1_type\"": \""NONE\"", \""limit_1_direction\"": \""<\"", \""limit_1_value\"": 0, \""limit_2_type\"": \""NONE\"", \""limit_2_direction\"": \""<\"", \""limit_2_value\"": 0, \""current_range\"": \""2MA\"", \""electrometer\"": \""AUTO\"", \""e_filter\"": \""1HZ\"", \""i_filter\"": \""1HZ\"", \""leave_cell_on\"": \""NO\"", \""cell_to_use\"": \""EXTERNAL\"", \""enable_ir_compensation\"": \""DISABLED\"", \""user_defined_the_amount_of_ir_comp\"": 1, \""use_previously_determined_ir_comp\"": \""YES\"", \""bandwidth\"": \""AUTO\"", \""final_potential\"": 0.0, \""versus_final\"": \""VS REF\"", \""low_current_interface_bandwidth\"": \""AUTO\""}]""","{""0"": 0.0, ""1"": 0.0, ""2"": 0.0, ""3"": 0.5, ""4"": 0.0}",asdc_data_026.csv,-.63,NA,-.41,NA,0
26,27,corrosion,27,"[{""op"": ""set_flow"", ""rates"": {""NaCl"": 0.5}, ""hold_time"": 10}, {""op"": ""cv"", ""initial_potential"": 0.0, ""vertex_potential_1"": -1.0, ""vertex_potential_2"": 1.2, ""final_potential"": 0.0, ""scan_rate"": 0.075, ""cycles"": 2, ""current_range"": ""2MA""}]",4.52,-9.04,0.060318443298339845,0.06556153869628906,0.016928361892700194,False,2020-03-11 18:39:18.858453,2020-03-11 18:41:49.464454,[],"[""set_flow"", ""cv""]","""[{\""initial_potential\"": 0.0, \""versus_initial\"": \""VS REF\"", \""vertex_potential_1\"": -1.0, \""versus_vertex_1\"": \""VS REF\"", \""vertex_hold_1\"": 0, \""acquire_data_during_vertex_hold_1\"": \""NO\"", \""vertex_potential_2\"": 1.2, \""versus_vertex_2\"": \""VS REF\"", \""vertex_hold_2\"": 0, \""acquire_data_during_vertex_hold_2\"": \""NO\"", \""scan_rate\"": 0.075, \""cycles\"": 2, \""limit_1_type\"": \""NONE\"", \""limit_1_direction\"": \""<\"", \""limit_1_value\"": 0, \""limit_2_type\"": \""NONE\"", \""limit_2_direction\"": \""<\"", \""limit_2_value\"": 0, \""current_range\"": \""2MA\"", \""electrometer\"": \""AUTO\"", \""e_filter\"": \""1HZ\"", \""i_filter\"": \""1HZ\"", \""leave_cell_on\"": \""NO\"", \""cell_to_use\"": \""EXTERNAL\"", \""enable_ir_compensation\"": \""DISABLED\"", \""user_defined_the_amount_of_ir_comp\"": 1, \""use_previously_determined_ir_comp\"": \""YES\"", \""bandwidth\"": \""AUTO\"", \""final_potential\"": 0.0, \""versus_final\"": \""VS REF\"", \""low_current_interface_bandwidth\"": \""AUTO\""}]""","{""0"": 0.0, ""1"": 0.0, ""2"": 0.0, ""3"": 0.5, ""4"": 0.0}",asdc_data_027.csv,-.79,-4.96,-.54,-.12,1
27,28,corrosion,28,"[{""op"": ""set_flow"", ""rates"": {""NaCl"": 0.5}, ""hold_time"": 10}, {""op"": ""cv"", ""initial_potential"": 0.0, ""vertex_potential_1"": -1.0, ""vertex_potential_2"": 1.2, ""final_potential"": 0.0, ""scan_rate"": 0.075, ""cycles"": 2, ""current_range"": ""2MA""}]",18.08,-22.6,0.07387873840332031,0.05200149154663086,0.016826162338256834,False,2020-03-12 09:43:24.895801,2020-03-12 09:45:53.425402,[],"[""set_flow"", ""cv""]","""[{\""initial_potential\"": 0.0, \""versus_initial\"": \""VS REF\"", \""vertex_potential_1\"": -1.0, \""versus_vertex_1\"": \""VS REF\"", \""vertex_hold_1\"": 0, \""acquire_data_during_vertex_hold_1\"": \""NO\"", \""vertex_potential_2\"": 1.2, \""versus_vertex_2\"": \""VS REF\"", \""vertex_hold_2\"": 0, \""acquire_data_during_vertex_hold_2\"": \""NO\"", \""scan_rate\"": 0.075, \""cycles\"": 2, \""limit_1_type\"": \""NONE\"", \""limit_1_direction\"": \""<\"", \""limit_1_value\"": 0, \""limit_2_type\"": \""NONE\"", \""limit_2_direction\"": \""<\"", \""limit_2_value\"": 0, \""current_range\"": \""2MA\"", \""electrometer\"": \""AUTO\"", \""e_filter\"": \""1HZ\"", \""i_filter\"": \""1HZ\"", \""leave_cell_on\"": \""NO\"", \""cell_to_use\"": \""EXTERNAL\"", \""enable_ir_compensation\"": \""DISABLED\"", \""user_defined_the_amount_of_ir_comp\"": 1, \""use_previously_determined_ir_comp\"": \""YES\"", \""bandwidth\"": \""AUTO\"", \""final_potential\"": 0.0, \""versus_final\"": \""VS REF\"", \""low_current_interface_bandwidth\"": \""AUTO\""}]""","{""0"": 0.0, ""1"": 0.0, ""2"": 0.0, ""3"": 0.5, ""4"": 0.0}",asdc_data_028.csv,.45,NA,NA,NA,0
28,29,corrosion,29,"[{""op"": ""set_flow"", ""rates"": {""NaCl"": 0.5}, ""hold_time"": 10}, {""op"": ""cv"", ""initial_potential"": 0.0, ""vertex_potential_1"": -1.0, ""vertex_potential_2"": 1.2, ""final_potential"": 0.0, ""scan_rate"": 0.075, ""cycles"": 2, ""current_range"": ""2MA""}]",-13.56,18.08,0.03319894409179688,0.08364154052734375,0.016826362609863282,False,2020-03-12 09:47:34.717202,2020-03-12 09:50:05.259203,[],"[""set_flow"", ""cv""]","""[{\""initial_potential\"": 0.0, \""versus_initial\"": \""VS REF\"", \""vertex_potential_1\"": -1.0, \""versus_vertex_1\"": \""VS REF\"", \""vertex_hold_1\"": 0, \""acquire_data_during_vertex_hold_1\"": \""NO\"", \""vertex_potential_2\"": 1.2, \""versus_vertex_2\"": \""VS REF\"", \""vertex_hold_2\"": 0, \""acquire_data_during_vertex_hold_2\"": \""NO\"", \""scan_rate\"": 0.075, \""cycles\"": 2, \""limit_1_type\"": \""NONE\"", \""limit_1_direction\"": \""<\"", \""limit_1_value\"": 0, \""limit_2_type\"": \""NONE\"", \""limit_2_direction\"": \""<\"", \""limit_2_value\"": 0, \""current_range\"": \""2MA\"", \""electrometer\"": \""AUTO\"", \""e_filter\"": \""1HZ\"", \""i_filter\"": \""1HZ\"", \""leave_cell_on\"": \""NO\"", \""cell_to_use\"": \""EXTERNAL\"", \""enable_ir_compensation\"": \""DISABLED\"", \""user_defined_the_amount_of_ir_comp\"": 1, \""use_previously_determined_ir_comp\"": \""YES\"", \""bandwidth\"": \""AUTO\"", \""final_potential\"": 0.0, \""versus_final\"": \""VS REF\"", \""low_current_interface_bandwidth\"": \""AUTO\""}]""","{""0"": 0.0, ""1"": 0.0, ""2"": 0.0, ""3"": 0.5, ""4"": 0.0}",asdc_data_029.csv,.25,NA,NA,NA,0
29,30,corrosion,30,"[{""op"": ""set_flow"", ""rates"": {""NaCl"": 0.5}, ""hold_time"": 10}, {""op"": ""cv"", ""initial_potential"": 0.0, ""vertex_potential_1"": -1.0, ""vertex_potential_2"": 1.2, ""final_potential"": 0.0, ""scan_rate"": 0.075, ""cycles"": 2, ""current_range"": ""2MA""}]",13.56,0.0,0.05127869415283203,0.05652178955078125,0.01682651138305664,False,2020-03-12 09:51:44.679004,2020-03-12 09:54:15.251205,[],"[""set_flow"", ""cv""]","""[{\""initial_potential\"": 0.0, \""versus_initial\"": \""VS REF\"", \""vertex_potential_1\"": -1.0, \""versus_vertex_1\"": \""VS REF\"", \""vertex_hold_1\"": 0, \""acquire_data_during_vertex_hold_1\"": \""NO\"", \""vertex_potential_2\"": 1.2, \""versus_vertex_2\"": \""VS REF\"", \""vertex_hold_2\"": 0, \""acquire_data_during_vertex_hold_2\"": \""NO\"", \""scan_rate\"": 0.075, \""cycles\"": 2, \""limit_1_type\"": \""NONE\"", \""limit_1_direction\"": \""<\"", \""limit_1_value\"": 0, \""limit_2_type\"": \""NONE\"", \""limit_2_direction\"": \""<\"", \""limit_2_value\"": 0, \""current_range\"": \""2MA\"", \""electrometer\"": \""AUTO\"", \""e_filter\"": \""1HZ\"", \""i_filter\"": \""1HZ\"", \""leave_cell_on\"": \""NO\"", \""cell_to_use\"": \""EXTERNAL\"", \""enable_ir_compensation\"": \""DISABLED\"", \""user_defined_the_amount_of_ir_comp\"": 1, \""use_previously_determined_ir_comp\"": \""YES\"", \""bandwidth\"": \""AUTO\"", \""final_potential\"": 0.0, \""versus_final\"": \""VS REF\"", \""low_current_interface_bandwidth\"": \""AUTO\""}]""","{""0"": 0.0, ""1"": 0.0, ""2"": 0.0, ""3"": 0.5, ""4"": 0.0}",asdc_data_030.csv,.48,NA,NA,NA,0
30,31,corrosion,31,"[{""op"": ""set_flow"", ""rates"": {""NaCl"": 0.5}, ""hold_time"": 10}, {""op"": ""cv"", ""initial_potential"": 0.0, ""vertex_potential_1"": -1.0, ""vertex_potential_2"": 1.2, ""final_potential"": 0.0, ""scan_rate"": 0.075, ""cycles"": 2, ""current_range"": ""2MA""}]",-31.64,-9.04,0.060318843841552734,0.09999988555908203,0.016826662063598632,False,2020-03-12 09:55:56.824805,2020-03-12 09:58:27.398006,[],"[""set_flow"", ""cv""]","""[{\""initial_potential\"": 0.0, \""versus_initial\"": \""VS REF\"", \""vertex_potential_1\"": -1.0, \""versus_vertex_1\"": \""VS REF\"", \""vertex_hold_1\"": 0, \""acquire_data_during_vertex_hold_1\"": \""NO\"", \""vertex_potential_2\"": 1.2, \""versus_vertex_2\"": \""VS REF\"", \""vertex_hold_2\"": 0, \""acquire_data_during_vertex_hold_2\"": \""NO\"", \""scan_rate\"": 0.075, \""cycles\"": 2, \""limit_1_type\"": \""NONE\"", \""limit_1_direction\"": \""<\"", \""limit_1_value\"": 0, \""limit_2_type\"": \""NONE\"", \""limit_2_direction\"": \""<\"", \""limit_2_value\"": 0, \""current_range\"": \""2MA\"", \""electrometer\"": \""AUTO\"", \""e_filter\"": \""1HZ\"", \""i_filter\"": \""1HZ\"", \""leave_cell_on\"": \""NO\"", \""cell_to_use\"": \""EXTERNAL\"", \""enable_ir_compensation\"": \""DISABLED\"", \""user_defined_the_amount_of_ir_comp\"": 1, \""use_previously_determined_ir_comp\"": \""YES\"", \""bandwidth\"": \""AUTO\"", \""final_potential\"": 0.0, \""versus_final\"": \""VS REF\"", \""low_current_interface_bandwidth\"": \""AUTO\""}]""","{""0"": 0.0, ""1"": 0.0, ""2"": 0.0, ""3"": 0.5, ""4"": 0.0}",asdc_data_031.csv,-.69,-5.32,-.5,-.05,2
31,32,corrosion,32,"[{""op"": ""set_flow"", ""rates"": {""NaCl"": 0.5}, ""hold_time"": 10}, {""op"": ""cv"", ""initial_potential"": 0.0, ""vertex_potential_1"": -1.0, ""vertex_potential_2"": 1.2, ""final_potential"": 0.0, ""scan_rate"": 0.075, ""cycles"": 2, ""current_range"": ""2MA""}]",-13.56,-18.08,0.06935868835449219,0.08364173889160156,0.01682691192626953,False,2020-03-12 10:00:03.478407,2020-03-12 10:02:34.051608,[],"[""set_flow"", ""cv""]","""[{\""initial_potential\"": 0.0, \""versus_initial\"": \""VS REF\"", \""vertex_potential_1\"": -1.0, \""versus_vertex_1\"": \""VS REF\"", \""vertex_hold_1\"": 0, \""acquire_data_during_vertex_hold_1\"": \""NO\"", \""vertex_potential_2\"": 1.2, \""versus_vertex_2\"": \""VS REF\"", \""vertex_hold_2\"": 0, \""acquire_data_during_vertex_hold_2\"": \""NO\"", \""scan_rate\"": 0.075, \""cycles\"": 2, \""limit_1_type\"": \""NONE\"", \""limit_1_direction\"": \""<\"", \""limit_1_value\"": 0, \""limit_2_type\"": \""NONE\"", \""limit_2_direction\"": \""<\"", \""limit_2_value\"": 0, \""current_range\"": \""2MA\"", \""electrometer\"": \""AUTO\"", \""e_filter\"": \""1HZ\"", \""i_filter\"": \""1HZ\"", \""leave_cell_on\"": \""NO\"", \""cell_to_use\"": \""EXTERNAL\"", \""enable_ir_compensation\"": \""DISABLED\"", \""user_defined_the_amount_of_ir_comp\"": 1, \""use_previously_determined_ir_comp\"": \""YES\"", \""bandwidth\"": \""AUTO\"", \""final_potential\"": 0.0, \""versus_final\"": \""VS REF\"", \""low_current_interface_bandwidth\"": \""AUTO\""}]""","{""0"": 0.0, ""1"": 0.0, ""2"": 0.0, ""3"": 0.5, ""4"": 0.0}",asdc_data_032.csv,-.36,NA,NA,NA,0
32,33,corrosion,33,"[{""op"": ""set_flow"", ""rates"": {""NaCl"": 0.5}, ""hold_time"": 10}, {""op"": ""cv"", ""initial_potential"": 0.0, ""vertex_potential_1"": -1.0, ""vertex_potential_2"": 1.2, ""final_potential"": 0.0, ""scan_rate"": 0.075, ""cycles"": 2, ""current_range"": ""2MA""}]",0.0,-13.56,0.06483879089355468,0.07008173370361329,0.016826961517333986,False,2020-03-12 10:04:09.228209,2020-03-12 10:06:39.769210,[],"[""set_flow"", ""cv""]","""[{\""initial_potential\"": 0.0, \""versus_initial\"": \""VS REF\"", \""vertex_potential_1\"": -1.0, \""versus_vertex_1\"": \""VS REF\"", \""vertex_hold_1\"": 0, \""acquire_data_during_vertex_hold_1\"": \""NO\"", \""vertex_potential_2\"": 1.2, \""versus_vertex_2\"": \""VS REF\"", \""vertex_hold_2\"": 0, \""acquire_data_during_vertex_hold_2\"": \""NO\"", \""scan_rate\"": 0.075, \""cycles\"": 2, \""limit_1_type\"": \""NONE\"", \""limit_1_direction\"": \""<\"", \""limit_1_value\"": 0, \""limit_2_type\"": \""NONE\"", \""limit_2_direction\"": \""<\"", \""limit_2_value\"": 0, \""current_range\"": \""2MA\"", \""electrometer\"": \""AUTO\"", \""e_filter\"": \""1HZ\"", \""i_filter\"": \""1HZ\"", \""leave_cell_on\"": \""NO\"", \""cell_to_use\"": \""EXTERNAL\"", \""enable_ir_compensation\"": \""DISABLED\"", \""user_defined_the_amount_of_ir_comp\"": 1, \""use_previously_determined_ir_comp\"": \""YES\"", \""bandwidth\"": \""AUTO\"", \""final_potential\"": 0.0, \""versus_final\"": \""VS REF\"", \""low_current_interface_bandwidth\"": \""AUTO\""}]""","{""0"": 0.0, ""1"": 0.0, ""2"": 0.0, ""3"": 0.5, ""4"": 0.0}",asdc_data_033.csv,.17,NA,NA,NA,0
33,34,corrosion,34,"[{""op"": ""set_flow"", ""rates"": {""NaCl"": 0.5}, ""hold_time"": 10}, {""op"": ""cv"", ""initial_potential"": 0.0, ""vertex_potential_1"": -1.0, ""vertex_potential_2"": 1.2, ""final_potential"": 0.0, ""scan_rate"": 0.075, ""cycles"": 2, ""current_range"": ""2MA""}]",18.08,13.56,0.03771889114379883,0.05200178909301758,0.016827062606811525,False,2020-03-12 10:08:18.332010,2020-03-12 10:10:48.858411,[],"[""set_flow"", ""cv""]","""[{\""initial_potential\"": 0.0, \""versus_initial\"": \""VS REF\"", \""vertex_potential_1\"": -1.0, \""versus_vertex_1\"": \""VS REF\"", \""vertex_hold_1\"": 0, \""acquire_data_during_vertex_hold_1\"": \""NO\"", \""vertex_potential_2\"": 1.2, \""versus_vertex_2\"": \""VS REF\"", \""vertex_hold_2\"": 0, \""acquire_data_during_vertex_hold_2\"": \""NO\"", \""scan_rate\"": 0.075, \""cycles\"": 2, \""limit_1_type\"": \""NONE\"", \""limit_1_direction\"": \""<\"", \""limit_1_value\"": 0, \""limit_2_type\"": \""NONE\"", \""limit_2_direction\"": \""<\"", \""limit_2_value\"": 0, \""current_range\"": \""2MA\"", \""electrometer\"": \""AUTO\"", \""e_filter\"": \""1HZ\"", \""i_filter\"": \""1HZ\"", \""leave_cell_on\"": \""NO\"", \""cell_to_use\"": \""EXTERNAL\"", \""enable_ir_compensation\"": \""DISABLED\"", \""user_defined_the_amount_of_ir_comp\"": 1, \""use_previously_determined_ir_comp\"": \""YES\"", \""bandwidth\"": \""AUTO\"", \""final_potential\"": 0.0, \""versus_final\"": \""VS REF\"", \""low_current_interface_bandwidth\"": \""AUTO\""}]""","{""0"": 0.0, ""1"": 0.0, ""2"": 0.0, ""3"": 0.5, ""4"": 0.0}",asdc_data_034.csv,-.12,NA,NA,NA,0
34,35,corrosion,35,"[{""op"": ""set_flow"", ""rates"": {""NaCl"": 0.5}, ""hold_time"": 10}, {""op"": ""cv"", ""initial_potential"": 0.0, ""vertex_potential_1"": -1.0, ""vertex_potential_2"": 1.2, ""final_potential"": 0.0, ""scan_rate"": 0.075, ""cycles"": 2, ""current_range"": ""2MA""}]",9.04,-13.56,0.06483859252929687,0.06104153823852539,0.016827312469482422,False,2020-03-12 10:12:27.278812,2020-03-12 10:14:57.852013,[],"[""set_flow"", ""cv""]","""[{\""initial_potential\"": 0.0, \""versus_initial\"": \""VS REF\"", \""vertex_potential_1\"": -1.0, \""versus_vertex_1\"": \""VS REF\"", \""vertex_hold_1\"": 0, \""acquire_data_during_vertex_hold_1\"": \""NO\"", \""vertex_potential_2\"": 1.2, \""versus_vertex_2\"": \""VS REF\"", \""vertex_hold_2\"": 0, \""acquire_data_during_vertex_hold_2\"": \""NO\"", \""scan_rate\"": 0.075, \""cycles\"": 2, \""limit_1_type\"": \""NONE\"", \""limit_1_direction\"": \""<\"", \""limit_1_value\"": 0, \""limit_2_type\"": \""NONE\"", \""limit_2_direction\"": \""<\"", \""limit_2_value\"": 0, \""current_range\"": \""2MA\"", \""electrometer\"": \""AUTO\"", \""e_filter\"": \""1HZ\"", \""i_filter\"": \""1HZ\"", \""leave_cell_on\"": \""NO\"", \""cell_to_use\"": \""EXTERNAL\"", \""enable_ir_compensation\"": \""DISABLED\"", \""user_defined_the_amount_of_ir_comp\"": 1, \""use_previously_determined_ir_comp\"": \""YES\"", \""bandwidth\"": \""AUTO\"", \""final_potential\"": 0.0, \""versus_final\"": \""VS REF\"", \""low_current_interface_bandwidth\"": \""AUTO\""}]""","{""0"": 0.0, ""1"": 0.0, ""2"": 0.0, ""3"": 0.5, ""4"": 0.0}",asdc_data_035.csv,-.58,-5.85,-.39,0.1,1
35,36,corrosion,36,"[{""op"": ""set_flow"", ""rates"": {""NaCl"": 0.5}, ""hold_time"": 10}, {""op"": ""cv"", ""initial_potential"": 0.0, ""vertex_potential_1"": -1.0, ""vertex_potential_2"": 1.2, ""final_potential"": 0.0, ""scan_rate"": 0.075, ""cycles"": 2, ""current_range"": ""2MA""}]",9.04,13.56,0.03771889114379883,0.061041889190673826,0.016827312469482422,False,2020-03-12 10:16:35.930213,2020-03-12 10:19:05.441614,[],"[""set_flow"", ""cv""]","""[{\""initial_potential\"": 0.0, \""versus_initial\"": \""VS REF\"", \""vertex_potential_1\"": -1.0, \""versus_vertex_1\"": \""VS REF\"", \""vertex_hold_1\"": 0, \""acquire_data_during_vertex_hold_1\"": \""NO\"", \""vertex_potential_2\"": 1.2, \""versus_vertex_2\"": \""VS REF\"", \""vertex_hold_2\"": 0, \""acquire_data_during_vertex_hold_2\"": \""NO\"", \""scan_rate\"": 0.075, \""cycles\"": 2, \""limit_1_type\"": \""NONE\"", \""limit_1_direction\"": \""<\"", \""limit_1_value\"": 0, \""limit_2_type\"": \""NONE\"", \""limit_2_direction\"": \""<\"", \""limit_2_value\"": 0, \""current_range\"": \""2MA\"", \""electrometer\"": \""AUTO\"", \""e_filter\"": \""1HZ\"", \""i_filter\"": \""1HZ\"", \""leave_cell_on\"": \""NO\"", \""cell_to_use\"": \""EXTERNAL\"", \""enable_ir_compensation\"": \""DISABLED\"", \""user_defined_the_amount_of_ir_comp\"": 1, \""use_previously_determined_ir_comp\"": \""YES\"", \""bandwidth\"": \""AUTO\"", \""final_potential\"": 0.0, \""versus_final\"": \""VS REF\"", \""low_current_interface_bandwidth\"": \""AUTO\""}]""","{""0"": 0.0, ""1"": 0.0, ""2"": 0.0, ""3"": 0.5, ""4"": 0.0}",asdc_data_036.csv,-.18,NA,NA,NA,0
36,37,corrosion,37,"[{""op"": ""set_flow"", ""rates"": {""NaCl"": 0.5}, ""hold_time"": 10}, {""op"": ""cv"", ""initial_potential"": 0.0, ""vertex_potential_1"": -1.0, ""vertex_potential_2"": 1.2, ""final_potential"": 0.0, ""scan_rate"": 0.075, ""cycles"": 2, ""current_range"": ""2MA""}]",-9.04,-31.64,0.08291873931884766,0.0791214370727539,0.016827411651611328,False,2020-03-12 10:20:47.405215,2020-03-12 10:23:18.011416,[],"[""set_flow"", ""cv""]","""[{\""initial_potential\"": 0.0, \""versus_initial\"": \""VS REF\"", \""vertex_potential_1\"": -1.0, \""versus_vertex_1\"": \""VS REF\"", \""vertex_hold_1\"": 0, \""acquire_data_during_vertex_hold_1\"": \""NO\"", \""vertex_potential_2\"": 1.2, \""versus_vertex_2\"": \""VS REF\"", \""vertex_hold_2\"": 0, \""acquire_data_during_vertex_hold_2\"": \""NO\"", \""scan_rate\"": 0.075, \""cycles\"": 2, \""limit_1_type\"": \""NONE\"", \""limit_1_direction\"": \""<\"", \""limit_1_value\"": 0, \""limit_2_type\"": \""NONE\"", \""limit_2_direction\"": \""<\"", \""limit_2_value\"": 0, \""current_range\"": \""2MA\"", \""electrometer\"": \""AUTO\"", \""e_filter\"": \""1HZ\"", \""i_filter\"": \""1HZ\"", \""leave_cell_on\"": \""NO\"", \""cell_to_use\"": \""EXTERNAL\"", \""enable_ir_compensation\"": \""DISABLED\"", \""user_defined_the_amount_of_ir_comp\"": 1, \""use_previously_determined_ir_comp\"": \""YES\"", \""bandwidth\"": \""AUTO\"", \""final_potential\"": 0.0, \""versus_final\"": \""VS REF\"", \""low_current_interface_bandwidth\"": \""AUTO\""}]""","{""0"": 0.0, ""1"": 0.0, ""2"": 0.0, ""3"": 0.5, ""4"": 0.0}",asdc_data_037.csv,-.66,-5.15,-.44,.1,1
37,38,corrosion,38,"[{""op"": ""set_flow"", ""rates"": {""NaCl"": 0.5}, ""hold_time"": 10}, {""op"": ""cv"", ""initial_potential"": 0.0, ""vertex_potential_1"": -1.0, ""vertex_potential_2"": 1.2, ""final_potential"": 0.0, ""scan_rate"": 0.075, ""cycles"": 2, ""current_range"": ""2MA""}]",-18.08,-4.52,0.05579894256591797,0.0881619873046875,0.016827611923217772,False,2020-03-12 10:24:56.339217,2020-03-12 10:27:26.943618,[],"[""set_flow"", ""cv""]","""[{\""initial_potential\"": 0.0, \""versus_initial\"": \""VS REF\"", \""vertex_potential_1\"": -1.0, \""versus_vertex_1\"": \""VS REF\"", \""vertex_hold_1\"": 0, \""acquire_data_during_vertex_hold_1\"": \""NO\"", \""vertex_potential_2\"": 1.2, \""versus_vertex_2\"": \""VS REF\"", \""vertex_hold_2\"": 0, \""acquire_data_during_vertex_hold_2\"": \""NO\"", \""scan_rate\"": 0.075, \""cycles\"": 2, \""limit_1_type\"": \""NONE\"", \""limit_1_direction\"": \""<\"", \""limit_1_value\"": 0, \""limit_2_type\"": \""NONE\"", \""limit_2_direction\"": \""<\"", \""limit_2_value\"": 0, \""current_range\"": \""2MA\"", \""electrometer\"": \""AUTO\"", \""e_filter\"": \""1HZ\"", \""i_filter\"": \""1HZ\"", \""leave_cell_on\"": \""NO\"", \""cell_to_use\"": \""EXTERNAL\"", \""enable_ir_compensation\"": \""DISABLED\"", \""user_defined_the_amount_of_ir_comp\"": 1, \""use_previously_determined_ir_comp\"": \""YES\"", \""bandwidth\"": \""AUTO\"", \""final_potential\"": 0.0, \""versus_final\"": \""VS REF\"", \""low_current_interface_bandwidth\"": \""AUTO\""}]""","{""0"": 0.0, ""1"": 0.0, ""2"": 0.0, ""3"": 0.5, ""4"": 0.0}",asdc_data_038.csv,-.81,-4.98,-.61,.1,1
38,39,corrosion,39,"[{""op"": ""set_flow"", ""rates"": {""NaCl"": 0.5}, ""hold_time"": 10}, {""op"": ""cv"", ""initial_potential"": 0.0, ""vertex_potential_1"": -1.0, ""vertex_potential_2"": 1.2, ""final_potential"": 0.0, ""scan_rate"": 0.075, ""cycles"": 2, ""current_range"": ""2MA""}]",-4.52,-27.12,0.07839859008789063,0.07460173797607422,0.016827762603759764,False,2020-03-12 10:29:04.226218,2020-03-12 10:31:34.782819,[],"[""set_flow"", ""cv""]","""[{\""initial_potential\"": 0.0, \""versus_initial\"": \""VS REF\"", \""vertex_potential_1\"": -1.0, \""versus_vertex_1\"": \""VS REF\"", \""vertex_hold_1\"": 0, \""acquire_data_during_vertex_hold_1\"": \""NO\"", \""vertex_potential_2\"": 1.2, \""versus_vertex_2\"": \""VS REF\"", \""vertex_hold_2\"": 0, \""acquire_data_during_vertex_hold_2\"": \""NO\"", \""scan_rate\"": 0.075, \""cycles\"": 2, \""limit_1_type\"": \""NONE\"", \""limit_1_direction\"": \""<\"", \""limit_1_value\"": 0, \""limit_2_type\"": \""NONE\"", \""limit_2_direction\"": \""<\"", \""limit_2_value\"": 0, \""current_range\"": \""2MA\"", \""electrometer\"": \""AUTO\"", \""e_filter\"": \""1HZ\"", \""i_filter\"": \""1HZ\"", \""leave_cell_on\"": \""NO\"", \""cell_to_use\"": \""EXTERNAL\"", \""enable_ir_compensation\"": \""DISABLED\"", \""user_defined_the_amount_of_ir_comp\"": 1, \""use_previously_determined_ir_comp\"": \""YES\"", \""bandwidth\"": \""AUTO\"", \""final_potential\"": 0.0, \""versus_final\"": \""VS REF\"", \""low_current_interface_bandwidth\"": \""AUTO\""}]""","{""0"": 0.0, ""1"": 0.0, ""2"": 0.0, ""3"": 0.5, ""4"": 0.0}",asdc_data_039.csv,-.73,-5.13,-.48,.15,1
39,40,corrosion,40,"[{""op"": ""set_flow"", ""rates"": {""NaCl"": 0.5}, ""hold_time"": 10}, {""op"": ""cv"", ""initial_potential"": 0.0, ""vertex_potential_1"": -1.0, ""vertex_potential_2"": 1.2, ""final_potential"": 0.0, ""scan_rate"": 0.075, ""cycles"": 2, ""current_range"": ""2MA""}]",0.0,22.6,0.028678794860839844,0.07008198547363281,0.016827911376953126,False,2020-03-12 10:33:17.764820,2020-03-12 10:35:48.354621,[],"[""set_flow"", ""cv""]","""[{\""initial_potential\"": 0.0, \""versus_initial\"": \""VS REF\"", \""vertex_potential_1\"": -1.0, \""versus_vertex_1\"": \""VS REF\"", \""vertex_hold_1\"": 0, \""acquire_data_during_vertex_hold_1\"": \""NO\"", \""vertex_potential_2\"": 1.2, \""versus_vertex_2\"": \""VS REF\"", \""vertex_hold_2\"": 0, \""acquire_data_during_vertex_hold_2\"": \""NO\"", \""scan_rate\"": 0.075, \""cycles\"": 2, \""limit_1_type\"": \""NONE\"", \""limit_1_direction\"": \""<\"", \""limit_1_value\"": 0, \""limit_2_type\"": \""NONE\"", \""limit_2_direction\"": \""<\"", \""limit_2_value\"": 0, \""current_range\"": \""2MA\"", \""electrometer\"": \""AUTO\"", \""e_filter\"": \""1HZ\"", \""i_filter\"": \""1HZ\"", \""leave_cell_on\"": \""NO\"", \""cell_to_use\"": \""EXTERNAL\"", \""enable_ir_compensation\"": \""DISABLED\"", \""user_defined_the_amount_of_ir_comp\"": 1, \""use_previously_determined_ir_comp\"": \""YES\"", \""bandwidth\"": \""AUTO\"", \""final_potential\"": 0.0, \""versus_final\"": \""VS REF\"", \""low_current_interface_bandwidth\"": \""AUTO\""}]""","{""0"": 0.0, ""1"": 0.0, ""2"": 0.0, ""3"": 0.5, ""4"": 0.0}",asdc_data_040.csv,-.78,-5.46,-.61,.1,1
40,41,corrosion,41,"[{""op"": ""set_flow"", ""rates"": {""NaCl"": 0.5}, ""hold_time"": 10}, {""op"": ""cv"", ""initial_potential"": 0.0, ""vertex_potential_1"": -1.0, ""vertex_potential_2"": 1.2, ""final_potential"": 0.0, ""scan_rate"": 0.075, ""cycles"": 2, ""current_range"": ""2MA""}]",31.64,9.04,0.042238491058349606,0.038441642761230466,0.016828012466430665,False,2020-03-12 10:37:27.556021,2020-03-12 10:39:58.144822,[],"[""set_flow"", ""cv""]","""[{\""initial_potential\"": 0.0, \""versus_initial\"": \""VS REF\"", \""vertex_potential_1\"": -1.0, \""versus_vertex_1\"": \""VS REF\"", \""vertex_hold_1\"": 0, \""acquire_data_during_vertex_hold_1\"": \""NO\"", \""vertex_potential_2\"": 1.2, \""versus_vertex_2\"": \""VS REF\"", \""vertex_hold_2\"": 0, \""acquire_data_during_vertex_hold_2\"": \""NO\"", \""scan_rate\"": 0.075, \""cycles\"": 2, \""limit_1_type\"": \""NONE\"", \""limit_1_direction\"": \""<\"", \""limit_1_value\"": 0, \""limit_2_type\"": \""NONE\"", \""limit_2_direction\"": \""<\"", \""limit_2_value\"": 0, \""current_range\"": \""2MA\"", \""electrometer\"": \""AUTO\"", \""e_filter\"": \""1HZ\"", \""i_filter\"": \""1HZ\"", \""leave_cell_on\"": \""NO\"", \""cell_to_use\"": \""EXTERNAL\"", \""enable_ir_compensation\"": \""DISABLED\"", \""user_defined_the_amount_of_ir_comp\"": 1, \""use_previously_determined_ir_comp\"": \""YES\"", \""bandwidth\"": \""AUTO\"", \""final_potential\"": 0.0, \""versus_final\"": \""VS REF\"", \""low_current_interface_bandwidth\"": \""AUTO\""}]""","{""0"": 0.0, ""1"": 0.0, ""2"": 0.0, ""3"": 0.5, ""4"": 0.0}",asdc_data_041.csv,-.43,NA,-.19,NA,0
41,42,corrosion,42,"[{""op"": ""set_flow"", ""rates"": {""NaCl"": 0.5}, ""hold_time"": 10}, {""op"": ""cv"", ""initial_potential"": 0.0, ""vertex_potential_1"": -1.0, ""vertex_potential_2"": 1.2, ""final_potential"": 0.0, ""scan_rate"": 0.075, ""cycles"": 2, ""current_range"": ""2MA""}]",-22.6,9.04,0.04223904418945312,0.09268158721923828,0.016828161239624023,False,2020-03-12 10:41:41.807823,2020-03-12 10:44:12.395624,[],"[""set_flow"", ""cv""]","""[{\""initial_potential\"": 0.0, \""versus_initial\"": \""VS REF\"", \""vertex_potential_1\"": -1.0, \""versus_vertex_1\"": \""VS REF\"", \""vertex_hold_1\"": 0, \""acquire_data_during_vertex_hold_1\"": \""NO\"", \""vertex_potential_2\"": 1.2, \""versus_vertex_2\"": \""VS REF\"", \""vertex_hold_2\"": 0, \""acquire_data_during_vertex_hold_2\"": \""NO\"", \""scan_rate\"": 0.075, \""cycles\"": 2, \""limit_1_type\"": \""NONE\"", \""limit_1_direction\"": \""<\"", \""limit_1_value\"": 0, \""limit_2_type\"": \""NONE\"", \""limit_2_direction\"": \""<\"", \""limit_2_value\"": 0, \""current_range\"": \""2MA\"", \""electrometer\"": \""AUTO\"", \""e_filter\"": \""1HZ\"", \""i_filter\"": \""1HZ\"", \""leave_cell_on\"": \""NO\"", \""cell_to_use\"": \""EXTERNAL\"", \""enable_ir_compensation\"": \""DISABLED\"", \""user_defined_the_amount_of_ir_comp\"": 1, \""use_previously_determined_ir_comp\"": \""YES\"", \""bandwidth\"": \""AUTO\"", \""final_potential\"": 0.0, \""versus_final\"": \""VS REF\"", \""low_current_interface_bandwidth\"": \""AUTO\""}]""","{""0"": 0.0, ""1"": 0.0, ""2"": 0.0, ""3"": 0.5, ""4"": 0.0}",asdc_data_042.csv,-.86,-4.84,-.66,.19,2
42,43,corrosion,43,"[{""op"": ""set_flow"", ""rates"": {""NaCl"": 0.5}, ""hold_time"": 10}, {""op"": ""cv"", ""initial_potential"": 0.0, ""vertex_potential_1"": -1.0, ""vertex_potential_2"": 1.2, ""final_potential"": 0.0, ""scan_rate"": 0.075, ""cycles"": 2, ""current_range"": ""2MA""}]",9.04,31.64,0.019638545989990236,0.06104183959960938,0.016828262329101562,False,2020-03-12 10:45:51.738425,2020-03-12 10:48:21.249826,[],"[""set_flow"", ""cv""]","""[{\""initial_potential\"": 0.0, \""versus_initial\"": \""VS REF\"", \""vertex_potential_1\"": -1.0, \""versus_vertex_1\"": \""VS REF\"", \""vertex_hold_1\"": 0, \""acquire_data_during_vertex_hold_1\"": \""NO\"", \""vertex_potential_2\"": 1.2, \""versus_vertex_2\"": \""VS REF\"", \""vertex_hold_2\"": 0, \""acquire_data_during_vertex_hold_2\"": \""NO\"", \""scan_rate\"": 0.075, \""cycles\"": 2, \""limit_1_type\"": \""NONE\"", \""limit_1_direction\"": \""<\"", \""limit_1_value\"": 0, \""limit_2_type\"": \""NONE\"", \""limit_2_direction\"": \""<\"", \""limit_2_value\"": 0, \""current_range\"": \""2MA\"", \""electrometer\"": \""AUTO\"", \""e_filter\"": \""1HZ\"", \""i_filter\"": \""1HZ\"", \""leave_cell_on\"": \""NO\"", \""cell_to_use\"": \""EXTERNAL\"", \""enable_ir_compensation\"": \""DISABLED\"", \""user_defined_the_amount_of_ir_comp\"": 1, \""use_previously_determined_ir_comp\"": \""YES\"", \""bandwidth\"": \""AUTO\"", \""final_potential\"": 0.0, \""versus_final\"": \""VS REF\"", \""low_current_interface_bandwidth\"": \""AUTO\""}]""","{""0"": 0.0, ""1"": 0.0, ""2"": 0.0, ""3"": 0.5, ""4"": 0.0}",asdc_data_043.csv,-.77,NA,-.53,NA,1
43,44,corrosion,44,"[{""op"": ""set_flow"", ""rates"": {""NaCl"": 0.5}, ""hold_time"": 10}, {""op"": ""cv"", ""initial_potential"": 0.0, ""vertex_potential_1"": -1.0, ""vertex_potential_2"": 1.2, ""final_potential"": 0.0, ""scan_rate"": 0.075, ""cycles"": 2, ""current_range"": ""2MA""}]",-22.6,-18.08,0.06935854339599609,0.09268153381347656,0.01682841110229492,False,2020-03-12 10:50:04.195226,2020-03-12 10:52:34.707027,[],"[""set_flow"", ""cv""]","""[{\""initial_potential\"": 0.0, \""versus_initial\"": \""VS REF\"", \""vertex_potential_1\"": -1.0, \""versus_vertex_1\"": \""VS REF\"", \""vertex_hold_1\"": 0, \""acquire_data_during_vertex_hold_1\"": \""NO\"", \""vertex_potential_2\"": 1.2, \""versus_vertex_2\"": \""VS REF\"", \""vertex_hold_2\"": 0, \""acquire_data_during_vertex_hold_2\"": \""NO\"", \""scan_rate\"": 0.075, \""cycles\"": 2, \""limit_1_type\"": \""NONE\"", \""limit_1_direction\"": \""<\"", \""limit_1_value\"": 0, \""limit_2_type\"": \""NONE\"", \""limit_2_direction\"": \""<\"", \""limit_2_value\"": 0, \""current_range\"": \""2MA\"", \""electrometer\"": \""AUTO\"", \""e_filter\"": \""1HZ\"", \""i_filter\"": \""1HZ\"", \""leave_cell_on\"": \""NO\"", \""cell_to_use\"": \""EXTERNAL\"", \""enable_ir_compensation\"": \""DISABLED\"", \""user_defined_the_amount_of_ir_comp\"": 1, \""use_previously_determined_ir_comp\"": \""YES\"", \""bandwidth\"": \""AUTO\"", \""final_potential\"": 0.0, \""versus_final\"": \""VS REF\"", \""low_current_interface_bandwidth\"": \""AUTO\""}]""","{""0"": 0.0, ""1"": 0.0, ""2"": 0.0, ""3"": 0.5, ""4"": 0.0}",asdc_data_044.csv,-.84,-4.71,-.60,.2,2
44,45,corrosion,45,"[{""op"": ""set_flow"", ""rates"": {""NaCl"": 0.5}, ""hold_time"": 10}, {""op"": ""cv"", ""initial_potential"": 0.0, ""vertex_potential_1"": -1.0, ""vertex_potential_2"": 1.2, ""final_potential"": 0.0, ""scan_rate"": 0.075, ""cycles"": 2, ""current_range"": ""2MA""}]",-27.12,-4.52,0.05579909133911133,0.09720168304443359,0.01682866096496582,False,2020-03-12 10:54:10.257028,2020-03-12 10:56:40.800029,[],"[""set_flow"", ""cv""]","""[{\""initial_potential\"": 0.0, \""versus_initial\"": \""VS REF\"", \""vertex_potential_1\"": -1.0, \""versus_vertex_1\"": \""VS REF\"", \""vertex_hold_1\"": 0, \""acquire_data_during_vertex_hold_1\"": \""NO\"", \""vertex_potential_2\"": 1.2, \""versus_vertex_2\"": \""VS REF\"", \""vertex_hold_2\"": 0, \""acquire_data_during_vertex_hold_2\"": \""NO\"", \""scan_rate\"": 0.075, \""cycles\"": 2, \""limit_1_type\"": \""NONE\"", \""limit_1_direction\"": \""<\"", \""limit_1_value\"": 0, \""limit_2_type\"": \""NONE\"", \""limit_2_direction\"": \""<\"", \""limit_2_value\"": 0, \""current_range\"": \""2MA\"", \""electrometer\"": \""AUTO\"", \""e_filter\"": \""1HZ\"", \""i_filter\"": \""1HZ\"", \""leave_cell_on\"": \""NO\"", \""cell_to_use\"": \""EXTERNAL\"", \""enable_ir_compensation\"": \""DISABLED\"", \""user_defined_the_amount_of_ir_comp\"": 1, \""use_previously_determined_ir_comp\"": \""YES\"", \""bandwidth\"": \""AUTO\"", \""final_potential\"": 0.0, \""versus_final\"": \""VS REF\"", \""low_current_interface_bandwidth\"": \""AUTO\""}]""","{""0"": 0.0, ""1"": 0.0, ""2"": 0.0, ""3"": 0.5, ""4"": 0.0}",asdc_data_045.csv,-.86,-4.72,-.61,.22,2
45,46,corrosion,46,"[{""op"": ""set_flow"", ""rates"": {""NaCl"": 0.5}, ""hold_time"": 10}, {""op"": ""cv"", ""initial_potential"": 0.0, ""vertex_potential_1"": -1.0, ""vertex_potential_2"": 1.2, ""final_potential"": 0.0, ""scan_rate"": 0.075, ""cycles"": 2, ""current_range"": ""2MA""}]",-22.6,18.08,0.03319894409179688,0.09268178558349609,0.01682891082763672,False,2020-03-12 10:58:18.269829,2020-03-12 11:00:48.809830,[],"[""set_flow"", ""cv""]","""[{\""initial_potential\"": 0.0, \""versus_initial\"": \""VS REF\"", \""vertex_potential_1\"": -1.0, \""versus_vertex_1\"": \""VS REF\"", \""vertex_hold_1\"": 0, \""acquire_data_during_vertex_hold_1\"": \""NO\"", \""vertex_potential_2\"": 1.2, \""versus_vertex_2\"": \""VS REF\"", \""vertex_hold_2\"": 0, \""acquire_data_during_vertex_hold_2\"": \""NO\"", \""scan_rate\"": 0.075, \""cycles\"": 2, \""limit_1_type\"": \""NONE\"", \""limit_1_direction\"": \""<\"", \""limit_1_value\"": 0, \""limit_2_type\"": \""NONE\"", \""limit_2_direction\"": \""<\"", \""limit_2_value\"": 0, \""current_range\"": \""2MA\"", \""electrometer\"": \""AUTO\"", \""e_filter\"": \""1HZ\"", \""i_filter\"": \""1HZ\"", \""leave_cell_on\"": \""NO\"", \""cell_to_use\"": \""EXTERNAL\"", \""enable_ir_compensation\"": \""DISABLED\"", \""user_defined_the_amount_of_ir_comp\"": 1, \""use_previously_determined_ir_comp\"": \""YES\"", \""bandwidth\"": \""AUTO\"", \""final_potential\"": 0.0, \""versus_final\"": \""VS REF\"", \""low_current_interface_bandwidth\"": \""AUTO\""}]""","{""0"": 0.0, ""1"": 0.0, ""2"": 0.0, ""3"": 0.5, ""4"": 0.0}",asdc_data_046.csv,-.86,-4.93,-.59,.1,2
46,47,corrosion,47,"[{""op"": ""set_flow"", ""rates"": {""NaCl"": 0.5}, ""hold_time"": 10}, {""op"": ""cv"", ""initial_potential"": 0.0, ""vertex_potential_1"": -1.0, ""vertex_potential_2"": 1.2, ""final_potential"": 0.0, ""scan_rate"": 0.075, ""cycles"": 2, ""current_range"": ""2MA""}]",0.0,31.64,0.019638647079467775,0.070081787109375,0.01682906150817871,False,2020-03-12 11:02:26.250431,2020-03-12 11:04:55.761832,[],"[""set_flow"", ""cv""]","""[{\""initial_potential\"": 0.0, \""versus_initial\"": \""VS REF\"", \""vertex_potential_1\"": -1.0, \""versus_vertex_1\"": \""VS REF\"", \""vertex_hold_1\"": 0, \""acquire_data_during_vertex_hold_1\"": \""NO\"", \""vertex_potential_2\"": 1.2, \""versus_vertex_2\"": \""VS REF\"", \""vertex_hold_2\"": 0, \""acquire_data_during_vertex_hold_2\"": \""NO\"", \""scan_rate\"": 0.075, \""cycles\"": 2, \""limit_1_type\"": \""NONE\"", \""limit_1_direction\"": \""<\"", \""limit_1_value\"": 0, \""limit_2_type\"": \""NONE\"", \""limit_2_direction\"": \""<\"", \""limit_2_value\"": 0, \""current_range\"": \""2MA\"", \""electrometer\"": \""AUTO\"", \""e_filter\"": \""1HZ\"", \""i_filter\"": \""1HZ\"", \""leave_cell_on\"": \""NO\"", \""cell_to_use\"": \""EXTERNAL\"", \""enable_ir_compensation\"": \""DISABLED\"", \""user_defined_the_amount_of_ir_comp\"": 1, \""use_previously_determined_ir_comp\"": \""YES\"", \""bandwidth\"": \""AUTO\"", \""final_potential\"": 0.0, \""versus_final\"": \""VS REF\"", \""low_current_interface_bandwidth\"": \""AUTO\""}]""","{""0"": 0.0, ""1"": 0.0, ""2"": 0.0, ""3"": 0.5, ""4"": 0.0}",asdc_data_047.csv,-.83,-5.23,-.52,.23,1
47,48,corrosion,48,"[{""op"": ""set_flow"", ""rates"": {""NaCl"": 0.5}, ""hold_time"": 10}, {""op"": ""cv"", ""initial_potential"": 0.0, ""vertex_potential_1"": -1.0, ""vertex_potential_2"": 1.2, ""final_potential"": 0.0, ""scan_rate"": 0.075, ""cycles"": 2, ""current_range"": ""2MA""}]",27.12,13.56,0.03771844482421875,0.04296174240112305,0.01682916259765625,False,2020-03-12 11:06:34.260233,2020-03-12 11:09:04.803234,[],"[""set_flow"", ""cv""]","""[{\""initial_potential\"": 0.0, \""versus_initial\"": \""VS REF\"", \""vertex_potential_1\"": -1.0, \""versus_vertex_1\"": \""VS REF\"", \""vertex_hold_1\"": 0, \""acquire_data_during_vertex_hold_1\"": \""NO\"", \""vertex_potential_2\"": 1.2, \""versus_vertex_2\"": \""VS REF\"", \""vertex_hold_2\"": 0, \""acquire_data_during_vertex_hold_2\"": \""NO\"", \""scan_rate\"": 0.075, \""cycles\"": 2, \""limit_1_type\"": \""NONE\"", \""limit_1_direction\"": \""<\"", \""limit_1_value\"": 0, \""limit_2_type\"": \""NONE\"", \""limit_2_direction\"": \""<\"", \""limit_2_value\"": 0, \""current_range\"": \""2MA\"", \""electrometer\"": \""AUTO\"", \""e_filter\"": \""1HZ\"", \""i_filter\"": \""1HZ\"", \""leave_cell_on\"": \""NO\"", \""cell_to_use\"": \""EXTERNAL\"", \""enable_ir_compensation\"": \""DISABLED\"", \""user_defined_the_amount_of_ir_comp\"": 1, \""use_previously_determined_ir_comp\"": \""YES\"", \""bandwidth\"": \""AUTO\"", \""final_potential\"": 0.0, \""versus_final\"": \""VS REF\"", \""low_current_interface_bandwidth\"": \""AUTO\""}]""","{""0"": 0.0, ""1"": 0.0, ""2"": 0.0, ""3"": 0.5, ""4"": 0.0}",asdc_data_048.csv,-.75,NA,-.51,NA,0
48,49,corrosion,49,"[{""op"": ""set_flow"", ""rates"": {""NaCl"": 0.5}, ""hold_time"": 10}, {""op"": ""cv"", ""initial_potential"": 0.0, ""vertex_potential_1"": -1.0, ""vertex_potential_2"": 1.2, ""final_potential"": 0.0, ""scan_rate"": 0.075, ""cycles"": 2, ""current_range"": ""2MA""}]",-18.08,22.6,0.028679143905639647,0.08816153717041016,0.016829261779785155,False,2020-03-12 11:10:47.826634,2020-03-12 11:13:18.366635,[],"[""set_flow"", ""cv""]","""[{\""initial_potential\"": 0.0, \""versus_initial\"": \""VS REF\"", \""vertex_potential_1\"": -1.0, \""versus_vertex_1\"": \""VS REF\"", \""vertex_hold_1\"": 0, \""acquire_data_during_vertex_hold_1\"": \""NO\"", \""vertex_potential_2\"": 1.2, \""versus_vertex_2\"": \""VS REF\"", \""vertex_hold_2\"": 0, \""acquire_data_during_vertex_hold_2\"": \""NO\"", \""scan_rate\"": 0.075, \""cycles\"": 2, \""limit_1_type\"": \""NONE\"", \""limit_1_direction\"": \""<\"", \""limit_1_value\"": 0, \""limit_2_type\"": \""NONE\"", \""limit_2_direction\"": \""<\"", \""limit_2_value\"": 0, \""current_range\"": \""2MA\"", \""electrometer\"": \""AUTO\"", \""e_filter\"": \""1HZ\"", \""i_filter\"": \""1HZ\"", \""leave_cell_on\"": \""NO\"", \""cell_to_use\"": \""EXTERNAL\"", \""enable_ir_compensation\"": \""DISABLED\"", \""user_defined_the_amount_of_ir_comp\"": 1, \""use_previously_determined_ir_comp\"": \""YES\"", \""bandwidth\"": \""AUTO\"", \""final_potential\"": 0.0, \""versus_final\"": \""VS REF\"", \""low_current_interface_bandwidth\"": \""AUTO\""}]""","{""0"": 0.0, ""1"": 0.0, ""2"": 0.0, ""3"": 0.5, ""4"": 0.0}",asdc_data_049.csv,-.86,-4.98,-.62,0,2
49,50,corrosion,50,"[{""op"": ""set_flow"", ""rates"": {""NaCl"": 0.5}, ""hold_time"": 10}, {""op"": ""cv"", ""initial_potential"": 0.0, ""vertex_potential_1"": -1.0, ""vertex_potential_2"": 1.2, ""final_potential"": 0.0, ""scan_rate"": 0.075, ""cycles"": 2, ""current_range"": ""2MA""}]",0.0,-22.6,0.07387848663330078,0.070081787109375,0.017277111053466798,False,2020-03-12 11:29:19.615841,2020-03-12 11:31:50.202642,[],"[""set_flow"", ""cv""]","""[{\""initial_potential\"": 0.0, \""versus_initial\"": \""VS REF\"", \""vertex_potential_1\"": -1.0, \""versus_vertex_1\"": \""VS REF\"", \""vertex_hold_1\"": 0, \""acquire_data_during_vertex_hold_1\"": \""NO\"", \""vertex_potential_2\"": 1.2, \""versus_vertex_2\"": \""VS REF\"", \""vertex_hold_2\"": 0, \""acquire_data_during_vertex_hold_2\"": \""NO\"", \""scan_rate\"": 0.075, \""cycles\"": 2, \""limit_1_type\"": \""NONE\"", \""limit_1_direction\"": \""<\"", \""limit_1_value\"": 0, \""limit_2_type\"": \""NONE\"", \""limit_2_direction\"": \""<\"", \""limit_2_value\"": 0, \""current_range\"": \""2MA\"", \""electrometer\"": \""AUTO\"", \""e_filter\"": \""1HZ\"", \""i_filter\"": \""1HZ\"", \""leave_cell_on\"": \""NO\"", \""cell_to_use\"": \""EXTERNAL\"", \""enable_ir_compensation\"": \""DISABLED\"", \""user_defined_the_amount_of_ir_comp\"": 1, \""use_previously_determined_ir_comp\"": \""YES\"", \""bandwidth\"": \""AUTO\"", \""final_potential\"": 0.0, \""versus_final\"": \""VS REF\"", \""low_current_interface_bandwidth\"": \""AUTO\""}]""","{""0"": 0.0, ""1"": 0.0, ""2"": 0.0, ""3"": 0.5, ""4"": 0.0}",asdc_data_050.csv,-.7,-4.47,-.32,.22,3
50,51,corrosion,51,"[{""op"": ""set_flow"", ""rates"": {""NaCl"": 0.5}, ""hold_time"": 10}, {""op"": ""cv"", ""initial_potential"": 0.0, ""vertex_potential_1"": -1.0, ""vertex_potential_2"": 1.2, ""final_potential"": 0.0, ""scan_rate"": 0.075, ""cycles"": 2, ""current_range"": ""2MA""}]",4.52,27.12,0.024158645629882812,0.0655619354248047,0.01727701187133789,False,2020-03-12 11:33:32.899443,2020-03-12 11:36:02.411844,[],"[""set_flow"", ""cv""]","""[{\""initial_potential\"": 0.0, \""versus_initial\"": \""VS REF\"", \""vertex_potential_1\"": -1.0, \""versus_vertex_1\"": \""VS REF\"", \""vertex_hold_1\"": 0, \""acquire_data_during_vertex_hold_1\"": \""NO\"", \""vertex_potential_2\"": 1.2, \""versus_vertex_2\"": \""VS REF\"", \""vertex_hold_2\"": 0, \""acquire_data_during_vertex_hold_2\"": \""NO\"", \""scan_rate\"": 0.075, \""cycles\"": 2, \""limit_1_type\"": \""NONE\"", \""limit_1_direction\"": \""<\"", \""limit_1_value\"": 0, \""limit_2_type\"": \""NONE\"", \""limit_2_direction\"": \""<\"", \""limit_2_value\"": 0, \""current_range\"": \""2MA\"", \""electrometer\"": \""AUTO\"", \""e_filter\"": \""1HZ\"", \""i_filter\"": \""1HZ\"", \""leave_cell_on\"": \""NO\"", \""cell_to_use\"": \""EXTERNAL\"", \""enable_ir_compensation\"": \""DISABLED\"", \""user_defined_the_amount_of_ir_comp\"": 1, \""use_previously_determined_ir_comp\"": \""YES\"", \""bandwidth\"": \""AUTO\"", \""final_potential\"": 0.0, \""versus_final\"": \""VS REF\"", \""low_current_interface_bandwidth\"": \""AUTO\""}]""","{""0"": 0.0, ""1"": 0.0, ""2"": 0.0, ""3"": 0.5, ""4"": 0.0}",asdc_data_051.csv,-.82,-4.92,-.45,.16,2
51,52,corrosion,52,"[{""op"": ""set_flow"", ""rates"": {""NaCl"": 0.5}, ""hold_time"": 10}, {""op"": ""cv"", ""initial_potential"": 0.0, ""vertex_potential_1"": -1.0, ""vertex_potential_2"": 1.2, ""final_potential"": 0.0, ""scan_rate"": 0.075, ""cycles"": 2, ""current_range"": ""2MA""}]",-4.52,18.08,0.033198444366455075,0.0746016845703125,0.01727691078186035,False,2020-03-12 11:37:37.041445,2020-03-12 11:40:07.692646,[],"[""set_flow"", ""cv""]","""[{\""initial_potential\"": 0.0, \""versus_initial\"": \""VS REF\"", \""vertex_potential_1\"": -1.0, \""versus_vertex_1\"": \""VS REF\"", \""vertex_hold_1\"": 0, \""acquire_data_during_vertex_hold_1\"": \""NO\"", \""vertex_potential_2\"": 1.2, \""versus_vertex_2\"": \""VS REF\"", \""vertex_hold_2\"": 0, \""acquire_data_during_vertex_hold_2\"": \""NO\"", \""scan_rate\"": 0.075, \""cycles\"": 2, \""limit_1_type\"": \""NONE\"", \""limit_1_direction\"": \""<\"", \""limit_1_value\"": 0, \""limit_2_type\"": \""NONE\"", \""limit_2_direction\"": \""<\"", \""limit_2_value\"": 0, \""current_range\"": \""2MA\"", \""electrometer\"": \""AUTO\"", \""e_filter\"": \""1HZ\"", \""i_filter\"": \""1HZ\"", \""leave_cell_on\"": \""NO\"", \""cell_to_use\"": \""EXTERNAL\"", \""enable_ir_compensation\"": \""DISABLED\"", \""user_defined_the_amount_of_ir_comp\"": 1, \""use_previously_determined_ir_comp\"": \""YES\"", \""bandwidth\"": \""AUTO\"", \""final_potential\"": 0.0, \""versus_final\"": \""VS REF\"", \""low_current_interface_bandwidth\"": \""AUTO\""}]""","{""0"": 0.0, ""1"": 0.0, ""2"": 0.0, ""3"": 0.5, ""4"": 0.0}",asdc_data_052.csv,-.85,-4.74,-.59,.27,3
52,53,corrosion,53,"[{""op"": ""set_flow"", ""rates"": {""NaCl"": 0.5}, ""hold_time"": 10}, {""op"": ""cv"", ""initial_potential"": 0.0, ""vertex_potential_1"": -1.0, ""vertex_potential_2"": 1.2, ""final_potential"": 0.0, ""scan_rate"": 0.075, ""cycles"": 2, ""current_range"": ""2MA""}]",22.6,-18.08,0.06935848999023438,0.047481842041015625,0.017276811599731445,False,2020-03-12 11:41:49.921446,2020-03-12 11:44:19.447447,[],"[""set_flow"", ""cv""]","""[{\""initial_potential\"": 0.0, \""versus_initial\"": \""VS REF\"", \""vertex_potential_1\"": -1.0, \""versus_vertex_1\"": \""VS REF\"", \""vertex_hold_1\"": 0, \""acquire_data_during_vertex_hold_1\"": \""NO\"", \""vertex_potential_2\"": 1.2, \""versus_vertex_2\"": \""VS REF\"", \""vertex_hold_2\"": 0, \""acquire_data_during_vertex_hold_2\"": \""NO\"", \""scan_rate\"": 0.075, \""cycles\"": 2, \""limit_1_type\"": \""NONE\"", \""limit_1_direction\"": \""<\"", \""limit_1_value\"": 0, \""limit_2_type\"": \""NONE\"", \""limit_2_direction\"": \""<\"", \""limit_2_value\"": 0, \""current_range\"": \""2MA\"", \""electrometer\"": \""AUTO\"", \""e_filter\"": \""1HZ\"", \""i_filter\"": \""1HZ\"", \""leave_cell_on\"": \""NO\"", \""cell_to_use\"": \""EXTERNAL\"", \""enable_ir_compensation\"": \""DISABLED\"", \""user_defined_the_amount_of_ir_comp\"": 1, \""use_previously_determined_ir_comp\"": \""YES\"", \""bandwidth\"": \""AUTO\"", \""final_potential\"": 0.0, \""versus_final\"": \""VS REF\"", \""low_current_interface_bandwidth\"": \""AUTO\""}]""","{""0"": 0.0, ""1"": 0.0, ""2"": 0.0, ""3"": 0.5, ""4"": 0.0}",asdc_data_053.csv,-.29,NA,NA,NA,0
53,54,corrosion,54,"[{""op"": ""set_flow"", ""rates"": {""NaCl"": 0.5}, ""hold_time"": 10}, {""op"": ""cv"", ""initial_potential"": 0.0, ""vertex_potential_1"": -1.0, ""vertex_potential_2"": 1.2, ""final_potential"": 0.0, ""scan_rate"": 0.075, ""cycles"": 2, ""current_range"": ""2MA""}]",4.52,18.08,0.03319884490966797,0.06556163787841797,0.017276660919189453,False,2020-03-12 11:45:59.835448,2020-03-12 11:48:30.361849,[],"[""set_flow"", ""cv""]","""[{\""initial_potential\"": 0.0, \""versus_initial\"": \""VS REF\"", \""vertex_potential_1\"": -1.0, \""versus_vertex_1\"": \""VS REF\"", \""vertex_hold_1\"": 0, \""acquire_data_during_vertex_hold_1\"": \""NO\"", \""vertex_potential_2\"": 1.2, \""versus_vertex_2\"": \""VS REF\"", \""vertex_hold_2\"": 0, \""acquire_data_during_vertex_hold_2\"": \""NO\"", \""scan_rate\"": 0.075, \""cycles\"": 2, \""limit_1_type\"": \""NONE\"", \""limit_1_direction\"": \""<\"", \""limit_1_value\"": 0, \""limit_2_type\"": \""NONE\"", \""limit_2_direction\"": \""<\"", \""limit_2_value\"": 0, \""current_range\"": \""2MA\"", \""electrometer\"": \""AUTO\"", \""e_filter\"": \""1HZ\"", \""i_filter\"": \""1HZ\"", \""leave_cell_on\"": \""NO\"", \""cell_to_use\"": \""EXTERNAL\"", \""enable_ir_compensation\"": \""DISABLED\"", \""user_defined_the_amount_of_ir_comp\"": 1, \""use_previously_determined_ir_comp\"": \""YES\"", \""bandwidth\"": \""AUTO\"", \""final_potential\"": 0.0, \""versus_final\"": \""VS REF\"", \""low_current_interface_bandwidth\"": \""AUTO\""}]""","{""0"": 0.0, ""1"": 0.0, ""2"": 0.0, ""3"": 0.5, ""4"": 0.0}",asdc_data_054.csv,-.8,-4.55,-.52,.21,3
